あきる野市,1353,1353,999,名詞,固有名詞,地域,一般,*,*,あきる野市,アキルノシ,アキルノシ,4/5,C1
あさぎり町,1353,1353,999,名詞,固有名詞,地域,一般,*,*,あさぎり町,アサギリチョウ,アサギリチョー,4/6,C1
あま市,1353,1353,999,名詞,固有名詞,地域,一般,*,*,あま市,アマシ,アマシ,2/3,C1
あわら市,1353,1353,999,名詞,固有名詞,地域,一般,*,*,あわら市,アワラシ,アワラシ,3/4,C1
いすみ市,1353,1353,999,名詞,固有名詞,地域,一般,*,*,いすみ市,イスミシ,イスミシ,3/4,C1
いちき串木野市,1353,1353,999,名詞,固有名詞,地域,一般,*,*,いちき串木野市,イチキクシキノシ,イチキクシキノシ,7/8,C1
いなべ市,1353,1353,999,名詞,固有名詞,地域,一般,*,*,いなべ市,イナベシ,イナベシ,3/4,C1
いの町,1353,1353,999,名詞,固有名詞,地域,一般,*,*,いの町,イノチョウ,イノチョー,2/4,C1
いわき市,1353,1353,999,名詞,固有名詞,地域,一般,*,*,いわき市,イワキシ,イワキシ,3/4,C1
うきは市,1353,1353,999,名詞,固有名詞,地域,一般,*,*,うきは市,ウキハシ,ウキハシ,3/4,C1
うるま市,1353,1353,999,名詞,固有名詞,地域,一般,*,*,うるま市,ウルマシ,ウルマシ,3/4,C1
えびの市,1353,1353,999,名詞,固有名詞,地域,一般,*,*,えびの市,エビノシ,エビノシ,3/4,C1
えりも町,1353,1353,999,名詞,固有名詞,地域,一般,*,*,えりも町,エリモチョウ,エリモチョー,3/5,C1
おいらせ町,1353,1353,999,名詞,固有名詞,地域,一般,*,*,おいらせ町,オイラセチョウ,オイラセチョー,4/6,C1
おおい町,1353,1353,999,名詞,固有名詞,地域,一般,*,*,おおい町,オオイチョウ,オーイチョー,3/5,C1
かすみがうら市,1353,1353,999,名詞,固有名詞,地域,一般,*,*,かすみがうら市,カスミガウラシ,カスミガウラシ,6/7,C1
かつらぎ町,1353,1353,999,名詞,固有名詞,地域,一般,*,*,かつらぎ町,カツラギチョウ,カツラギチョー,4/6,C1
かほく市,1353,1353,999,名詞,固有名詞,地域,一般,*,*,かほく市,カホクシ,カホクシ,3/4,C1
さいたま市中央区,1353,1353,999,名詞,固有名詞,地域,一般,*,*,さいたま市中央区,サイタマシチュウオウク,サイタマシチューオーク,9/10,C1
さいたま市北区,1353,1353,999,名詞,固有名詞,地域,一般,*,*,さいたま市北区,サイタマシキタク,サイタマシキタク,7/8,C1
さいたま市南区,1353,1353,999,名詞,固有名詞,地域,一般,*,*,さいたま市南区,サイタマシミナミク,サイタマシミナミク,8/9,C1
さいたま市大宮区,1353,1353,999,名詞,固有名詞,地域,一般,*,*,さいたま市大宮区,サイタマシオオミヤク,サイタマシオーミヤク,9/10,C1
さいたま市岩槻区,1353,1353,999,名詞,固有名詞,地域,一般,*,*,さいたま市岩槻区,サイタマシイワツキク,サイタマシイワツキク,9/10,C1
さいたま市桜区,1353,1353,999,名詞,固有名詞,地域,一般,*,*,さいたま市桜区,サイタマシサクラク,サイタマシサクラク,8/9,C1
さいたま市浦和区,1353,1353,999,名詞,固有名詞,地域,一般,*,*,さいたま市浦和区,サイタマシウラワク,サイタマシウラワク,8/9,C1
さいたま市緑区,1353,1353,999,名詞,固有名詞,地域,一般,*,*,さいたま市緑区,サイタマシミドリク,サイタマシミドリク,8/9,C1
さいたま市西区,1353,1353,999,名詞,固有名詞,地域,一般,*,*,さいたま市西区,サイタマシニシク,サイタマシニシク,7/8,C1
さいたま市見沼区,1353,1353,999,名詞,固有名詞,地域,一般,*,*,さいたま市見沼区,サイタマシミヌマク,サイタマシミヌマク,8/9,C1
さくら市,1353,1353,999,名詞,固有名詞,地域,一般,*,*,さくら市,サクラシ,サクラシ,3/4,C1
さつま町,1353,1353,999,名詞,固有名詞,地域,一般,*,*,さつま町,サツマチョウ,サツマチョー,3/5,C1
さぬき市,1353,1353,999,名詞,固有名詞,地域,一般,*,*,さぬき市,サヌキシ,サヌキシ,3/4,C1
すさみ町,1353,1353,999,名詞,固有名詞,地域,一般,*,*,すさみ町,スサミチョウ,スサミチョー,3/5,C1
せたな町,1353,1353,999,名詞,固有名詞,地域,一般,*,*,せたな町,セタナチョウ,セタナチョー,3/5,C1
たつの市,1353,1353,999,名詞,固有名詞,地域,一般,*,*,たつの市,タツノシ,タツノシ,3/4,C1
つがる市,1353,1353,999,名詞,固有名詞,地域,一般,*,*,つがる市,ツガルシ,ツガルシ,3/4,C1
つくばみらい市,1353,1353,999,名詞,固有名詞,地域,一般,*,*,つくばみらい市,ツクバミライシ,ツクバミライシ,6/7,C1
つくば市,1353,1353,999,名詞,固有名詞,地域,一般,*,*,つくば市,ツクバシ,ツクバシ,3/4,C1
つるぎ町,1353,1353,999,名詞,固有名詞,地域,一般,*,*,つるぎ町,ツルギチョウ,ツルギチョー,3/5,C1
ときがわ町,1353,1353,999,名詞,固有名詞,地域,一般,*,*,ときがわ町,トキガワマチ,トキガワマチ,4/6,C1
にかほ市,1353,1353,999,名詞,固有名詞,地域,一般,*,*,にかほ市,ニカホシ,ニカホシ,3/4,C1
ひたちなか市,1353,1353,999,名詞,固有名詞,地域,一般,*,*,ひたちなか市,ヒタチナカシ,ヒタチナカシ,5/6,C1
ふじみ野市,1353,1353,999,名詞,固有名詞,地域,一般,*,*,ふじみ野市,フジミノシ,フジミノシ,4/5,C1
まんのう町,1353,1353,999,名詞,固有名詞,地域,一般,*,*,まんのう町,マンノウチョウ,マンノーチョー,4/6,C1
みどり市,1353,1353,999,名詞,固有名詞,地域,一般,*,*,みどり市,ミドリシ,ミドリシ,3/4,C1
みなかみ町,1353,1353,999,名詞,固有名詞,地域,一般,*,*,みなかみ町,ミナカミマチ,ミナカミマチ,4/6,C1
みなべ町,1353,1353,999,名詞,固有名詞,地域,一般,*,*,みなべ町,ミナベチョウ,ミナベチョー,3/5,C1
みやき町,1353,1353,999,名詞,固有名詞,地域,一般,*,*,みやき町,ミヤキチョウ,ミヤキチョー,3/5,C1
みやこ町,1353,1353,999,名詞,固有名詞,地域,一般,*,*,みやこ町,ミヤコマチ,ミヤコマチ,3/5,C1
みやま市,1353,1353,999,名詞,固有名詞,地域,一般,*,*,みやま市,ミヤマシ,ミヤマシ,3/4,C1
みよし市,1353,1353,999,名詞,固有名詞,地域,一般,*,*,みよし市,ミヨシシ,ミヨシシ,3/4,C1
むかわ町,1353,1353,999,名詞,固有名詞,地域,一般,*,*,むかわ町,ムカワチョウ,ムカワチョー,3/5,C1
むつ市,1353,1353,999,名詞,固有名詞,地域,一般,*,*,むつ市,ムツシ,ムツシ,2/3,C1
ニセコ町,1353,1353,999,名詞,固有名詞,地域,一般,*,*,ニセコ町,ニセコチョウ,ニセコチョー,3/5,C1
一宮市,1353,1353,999,名詞,固有名詞,地域,一般,*,*,一宮市,イチノミヤシ,イチノミヤシ,5/6,C1
一宮町,1353,1353,999,名詞,固有名詞,地域,一般,*,*,一宮町,イチノミヤマチ,イチノミヤマチ,5/7,C1
一戸町,1353,1353,999,名詞,固有名詞,地域,一般,*,*,一戸町,イチノヘマチ,イチノヘマチ,4/6,C1
一関市,1353,1353,999,名詞,固有名詞,地域,一般,*,*,一関市,イチノセキシ,イチノセキシ,5/6,C1
七ヶ宿町,1353,1353,999,名詞,固有名詞,地域,一般,*,*,七ヶ宿町,シチカシュクマチ,シチカシュクマチ,5/7,C1
七ヶ浜町,1353,1353,999,名詞,固有名詞,地域,一般,*,*,七ヶ浜町,シチガハママチ,シチガハママチ,5/7,C1
七宗町,1353,1353,999,名詞,固有名詞,地域,一般,*,*,七宗町,ヒチソウチョウ,ヒチソーチョー,4/6,C1
七尾市,1353,1353,999,名詞,固有名詞,地域,一般,*,*,七尾市,ナナオシ,ナナオシ,3/4,C1
七戸町,1353,1353,999,名詞,固有名詞,地域,一般,*,*,七戸町,シチノヘマチ,シチノヘマチ,4/6,C1
七飯町,1353,1353,999,名詞,固有名詞,地域,一般,*,*,七飯町,ナナエチョウ,ナナエチョー,3/5,C1
三井郡,1353,1353,999,名詞,固有名詞,地域,一般,*,*,三井郡,ミイグン,ミイグン,2/4,C1
三原市,1353,1353,999,名詞,固有名詞,地域,一般,*,*,三原市,ミハラシ,ミハラシ,3/4,C1
三原村,1353,1353,999,名詞,固有名詞,地域,一般,*,*,三原村,ミハラムラ,ミハラムラ,3/5,C1
三好市,1353,1353,999,名詞,固有名詞,地域,一般,*,*,三好市,ミヨシシ,ミヨシシ,3/4,C1
三好郡,1353,1353,999,名詞,固有名詞,地域,一般,*,*,三好郡,ミヨシグン,ミヨシグン,3/5,C1
三宅島三宅村,1353,1353,999,名詞,固有名詞,地域,一般,*,*,三宅島三宅村,ミヤケジマミヤケムラ,ミヤケジマミヤケムラ,8/10,C1
三宅町,1353,1353,999,名詞,固有名詞,地域,一般,*,*,三宅町,ミヤケチョウ,ミヤケチョー,3/5,C1
三島市,1353,1353,999,名詞,固有名詞,地域,一般,*,*,三島市,ミシマシ,ミシマシ,3/4,C1
三島村,1353,1353,999,名詞,固有名詞,地域,一般,*,*,三島村,ミシマムラ,ミシマムラ,3/5,C1
三島町,1353,1353,999,名詞,固有名詞,地域,一般,*,*,三島町,ミシママチ,ミシママチ,3/5,C1
三島郡出雲崎町,1353,1353,999,名詞,固有名詞,地域,一般,*,*,三島郡出雲崎町,サントウグンイズモザキマチ,サントーグンイズモザキマチ,11/13,C1
三島郡島本町,1353,1353,999,名詞,固有名詞,地域,一般,*,*,三島郡島本町,ミシマグンシマモトチョウ,ミシマグンシマモトチョー,9/11,C1
三川町,1353,1353,999,名詞,固有名詞,地域,一般,*,*,三川町,ミカワマチ,ミカワマチ,3/5,C1
三戸町,1353,1353,999,名詞,固有名詞,地域,一般,*,*,三戸町,サンノヘマチ,サンノヘマチ,4/6,C1
三戸郡,1353,1353,999,名詞,固有名詞,地域,一般,*,*,三戸郡,サンノヘグン,サンノヘグン,4/6,C1
三方上中郡,1353,1353,999,名詞,固有名詞,地域,一般,*,*,三方上中郡,ミカタカミナカグン,ミカタカミナカグン,7/9,C1
三方郡,1353,1353,999,名詞,固有名詞,地域,一般,*,*,三方郡,ミカタグン,ミカタグン,3/5,C1
三春町,1353,1353,999,名詞,固有名詞,地域,一般,*,*,三春町,ミハルマチ,ミハルマチ,3/5,C1
三朝町,1353,1353,999,名詞,固有名詞,地域,一般,*,*,三朝町,ミササチョウ,ミササチョー,3/5,C1
三木市,1353,1353,999,名詞,固有名詞,地域,一般,*,*,三木市,ミキシ,ミキシ,2/3,C1
三木町,1353,1353,999,名詞,固有名詞,地域,一般,*,*,三木町,ミキチョウ,ミキチョー,2/4,C1
三条市,1353,1353,999,名詞,固有名詞,地域,一般,*,*,三条市,サンジョウシ,サンジョーシ,4/5,C1
三次市,1353,1353,999,名詞,固有名詞,地域,一般,*,*,三次市,ミヨシシ,ミヨシシ,3/4,C1
三沢市,1353,1353,999,名詞,固有名詞,地域,一般,*,*,三沢市,ミサワシ,ミサワシ,3/4,C1
三浦市,1353,1353,999,名詞,固有名詞,地域,一般,*,*,三浦市,ミウラシ,ミウラシ,3/4,C1
三浦郡,1353,1353,999,名詞,固有名詞,地域,一般,*,*,三浦郡,ミウラグン,ミウラグン,3/5,C1
三潴郡,1353,1353,999,名詞,固有名詞,地域,一般,*,*,三潴郡,ミズマグン,ミズマグン,3/5,C1
三田市,1353,1353,999,名詞,固有名詞,地域,一般,*,*,三田市,サンダシ,サンダシ,3/4,C1
三種町,1353,1353,999,名詞,固有名詞,地域,一般,*,*,三種町,ミタネチョウ,ミタネチョー,3/5,C1
三笠市,1353,1353,999,名詞,固有名詞,地域,一般,*,*,三笠市,ミカサシ,ミカサシ,3/4,C1
三股町,1353,1353,999,名詞,固有名詞,地域,一般,*,*,三股町,ミマタチョウ,ミマタチョー,3/5,C1
三芳町,1353,1353,999,名詞,固有名詞,地域,一般,*,*,三芳町,ミヨシマチ,ミヨシマチ,3/5,C1
三豊市,1353,1353,999,名詞,固有名詞,地域,一般,*,*,三豊市,ミトヨシ,ミトヨシ,3/4,C1
三郷市,1353,1353,999,名詞,固有名詞,地域,一般,*,*,三郷市,ミサトシ,ミサトシ,3/4,C1
三郷町,1353,1353,999,名詞,固有名詞,地域,一般,*,*,三郷町,サンゴウチョウ,サンゴーチョー,4/6,C1
三重郡,1353,1353,999,名詞,固有名詞,地域,一般,*,*,三重郡,ミエグン,ミエグン,2/4,C1
三重郡朝日町,1353,1353,999,名詞,固有名詞,地域,一般,*,*,三重郡朝日町,ミエグンアサヒチョウ,ミエグンアサヒチョー,7/9,C1
三養基郡,1353,1353,999,名詞,固有名詞,地域,一般,*,*,三養基郡,ミヤキグン,ミヤキグン,3/5,C1
三鷹市,1353,1353,999,名詞,固有名詞,地域,一般,*,*,三鷹市,ミタカシ,ミタカシ,3/4,C1
上ノ国町,1353,1353,999,名詞,固有名詞,地域,一般,*,*,上ノ国町,カミノクニチョウ,カミノクニチョー,5/7,C1
上三川町,1353,1353,999,名詞,固有名詞,地域,一般,*,*,上三川町,カミノカワマチ,カミノカワマチ,5/7,C1
上伊那郡,1353,1353,999,名詞,固有名詞,地域,一般,*,*,上伊那郡,カミイナグン,カミイナグン,4/6,C1
上勝町,1353,1353,999,名詞,固有名詞,地域,一般,*,*,上勝町,カミカツチョウ,カミカツチョー,4/6,C1
上北山村,1353,1353,999,名詞,固有名詞,地域,一般,*,*,上北山村,カミキタヤマムラ,カミキタヤマムラ,6/8,C1
上北郡,1353,1353,999,名詞,固有名詞,地域,一般,*,*,上北郡,カミキタグン,カミキタグン,4/6,C1
上士幌町,1353,1353,999,名詞,固有名詞,地域,一般,*,*,上士幌町,カミシホロチョウ,カミシホロチョー,5/7,C1
上天草市,1353,1353,999,名詞,固有名詞,地域,一般,*,*,上天草市,カミアマクサシ,カミアマクサシ,6/7,C1
上富田町,1353,1353,999,名詞,固有名詞,地域,一般,*,*,上富田町,カミトンダチョウ,カミトンダチョー,5/7,C1
上富良野町,1353,1353,999,名詞,固有名詞,地域,一般,*,*,上富良野町,カミフラノチョウ,カミフラノチョー,5/7,C1
上小阿仁村,1353,1353,999,名詞,固有名詞,地域,一般,*,*,上小阿仁村,カミコアニムラ,カミコアニムラ,5/7,C1
上尾市,1353,1353,999,名詞,固有名詞,地域,一般,*,*,上尾市,アゲオシ,アゲオシ,3/4,C1
上山市,1353,1353,999,名詞,固有名詞,地域,一般,*,*,上山市,カミノヤマシ,カミノヤマシ,5/6,C1
上峰町,1353,1353,999,名詞,固有名詞,地域,一般,*,*,上峰町,カミミネチョウ,カミミネチョー,4/6,C1
上島町,1353,1353,999,名詞,固有名詞,地域,一般,*,*,上島町,カミジマチョウ,カミジマチョー,4/6,C1
上川町,1353,1353,999,名詞,固有名詞,地域,一般,*,*,上川町,カミカワチョウ,カミカワチョー,4/6,C1
上川郡,1353,1353,999,名詞,固有名詞,地域,一般,*,*,上川郡,カミカワグン,カミカワグン,4/6,C1
上市町,1353,1353,999,名詞,固有名詞,地域,一般,*,*,上市町,カミイチマチ,カミイチマチ,4/6,C1
上松町,1353,1353,999,名詞,固有名詞,地域,一般,*,*,上松町,アゲマツマチ,アゲマツマチ,4/6,C1
上板町,1353,1353,999,名詞,固有名詞,地域,一般,*,*,上板町,カミイタチョウ,カミイタチョー,4/6,C1
上毛町,1353,1353,999,名詞,固有名詞,地域,一般,*,*,上毛町,コウゲマチ,コーゲマチ,3/5,C1
上水内郡,1353,1353,999,名詞,固有名詞,地域,一般,*,*,上水内郡,カミミノチグン,カミミノチグン,5/7,C1
上浮穴郡,1353,1353,999,名詞,固有名詞,地域,一般,*,*,上浮穴郡,カミウケナグン,カミウケナグン,5/7,C1
上牧町,1353,1353,999,名詞,固有名詞,地域,一般,*,*,上牧町,カンマキチョウ,カンマキチョー,4/6,C1
上田市,1353,1353,999,名詞,固有名詞,地域,一般,*,*,上田市,ウエダシ,ウエダシ,3/4,C1
上益城郡,1353,1353,999,名詞,固有名詞,地域,一般,*,*,上益城郡,カミマシキグン,カミマシキグン,5/7,C1
上砂川町,1353,1353,999,名詞,固有名詞,地域,一般,*,*,上砂川町,カミスナガワチョウ,カミスナガワチョー,6/8,C1
上磯郡,1353,1353,999,名詞,固有名詞,地域,一般,*,*,上磯郡,カミイソグン,カミイソグン,4/6,C1
上越市,1353,1353,999,名詞,固有名詞,地域,一般,*,*,上越市,ジョウエツシ,ジョーエツシ,4/5,C1
上郡町,1353,1353,999,名詞,固有名詞,地域,一般,*,*,上郡町,カミゴオリチョウ,カミゴーリチョー,5/7,C1
上里町,1353,1353,999,名詞,固有名詞,地域,一般,*,*,上里町,カミサトマチ,カミサトマチ,4/6,C1
上野原市,1353,1353,999,名詞,固有名詞,地域,一般,*,*,上野原市,ウエノハラシ,ウエノハラシ,5/6,C1
上野村,1353,1353,999,名詞,固有名詞,地域,一般,*,*,上野村,ウエノムラ,ウエノムラ,3/5,C1
上閉伊郡,1353,1353,999,名詞,固有名詞,地域,一般,*,*,上閉伊郡,カミヘイグン,カミヘーグン,4/6,C1
上関町,1353,1353,999,名詞,固有名詞,地域,一般,*,*,上関町,カミノセキチョウ,カミノセキチョー,5/7,C1
上高井郡,1353,1353,999,名詞,固有名詞,地域,一般,*,*,上高井郡,カミタカイグン,カミタカイグン,5/7,C1
下仁田町,1353,1353,999,名詞,固有名詞,地域,一般,*,*,下仁田町,シモニタマチ,シモニタマチ,4/6,C1
下伊那郡,1353,1353,999,名詞,固有名詞,地域,一般,*,*,下伊那郡,シモイナグン,シモイナグン,4/6,C1
下北山村,1353,1353,999,名詞,固有名詞,地域,一般,*,*,下北山村,シモキタヤマムラ,シモキタヤマムラ,6/8,C1
下北郡,1353,1353,999,名詞,固有名詞,地域,一般,*,*,下北郡,シモキタグン,シモキタグン,4/6,C1
下呂市,1353,1353,999,名詞,固有名詞,地域,一般,*,*,下呂市,ゲロシ,ゲロシ,2/3,C1
下妻市,1353,1353,999,名詞,固有名詞,地域,一般,*,*,下妻市,シモツマシ,シモツマシ,4/5,C1
下川町,1353,1353,999,名詞,固有名詞,地域,一般,*,*,下川町,シモカワチョウ,シモカワチョー,4/6,C1
下市町,1353,1353,999,名詞,固有名詞,地域,一般,*,*,下市町,シモイチチョウ,シモイチチョー,4/6,C1
下新川郡,1353,1353,999,名詞,固有名詞,地域,一般,*,*,下新川郡,シモニイカワグン,シモニイカワグン,6/8,C1
下新川郡朝日町,1353,1353,999,名詞,固有名詞,地域,一般,*,*,下新川郡朝日町,シモニイカワグンアサヒマチ,シモニイカワグンアサヒマチ,11/13,C1
下松市,1353,1353,999,名詞,固有名詞,地域,一般,*,*,下松市,クダマツシ,クダマツシ,4/5,C1
下條村,1353,1353,999,名詞,固有名詞,地域,一般,*,*,下條村,シモジョウムラ,シモジョームラ,4/6,C1
下水内郡,1353,1353,999,名詞,固有名詞,地域,一般,*,*,下水内郡,シモミノチグン,シモミノチグン,5/7,C1
下田市,1353,1353,999,名詞,固有名詞,地域,一般,*,*,下田市,シモダシ,シモダシ,3/4,C1
下益城郡,1353,1353,999,名詞,固有名詞,地域,一般,*,*,下益城郡,シモマシキグン,シモマシキグン,5/7,C1
下諏訪町,1353,1353,999,名詞,固有名詞,地域,一般,*,*,下諏訪町,シモスワマチ,シモスワマチ,4/6,C1
下郷町,1353,1353,999,名詞,固有名詞,地域,一般,*,*,下郷町,シモゴウマチ,シモゴーマチ,4/6,C1
下都賀郡,1353,1353,999,名詞,固有名詞,地域,一般,*,*,下都賀郡,シモツガグン,シモツガグン,4/6,C1
下野市,1353,1353,999,名詞,固有名詞,地域,一般,*,*,下野市,シモツケシ,シモツケシ,4/5,C1
下閉伊郡,1353,1353,999,名詞,固有名詞,地域,一般,*,*,下閉伊郡,シモヘイグン,シモヘーグン,4/6,C1
下関市,1353,1353,999,名詞,固有名詞,地域,一般,*,*,下関市,シモノセキシ,シモノセキシ,5/6,C1
下高井郡,1353,1353,999,名詞,固有名詞,地域,一般,*,*,下高井郡,シモタカイグン,シモタカイグン,5/7,C1
不破郡,1353,1353,999,名詞,固有名詞,地域,一般,*,*,不破郡,フワグン,フワグン,2/4,C1
与論町,1353,1353,999,名詞,固有名詞,地域,一般,*,*,与論町,ヨロンチョウ,ヨロンチョー,3/5,C1
与謝郡,1353,1353,999,名詞,固有名詞,地域,一般,*,*,与謝郡,ヨサグン,ヨサグン,2/4,C1
与謝野町,1353,1353,999,名詞,固有名詞,地域,一般,*,*,与謝野町,ヨサノチョウ,ヨサノチョー,3/5,C1
与那原町,1353,1353,999,名詞,固有名詞,地域,一般,*,*,与那原町,ヨナバルチョウ,ヨナバルチョー,4/6,C1
与那国町,1353,1353,999,名詞,固有名詞,地域,一般,*,*,与那国町,ヨナグニチョウ,ヨナグニチョー,4/6,C1
世田谷区,1353,1353,999,名詞,固有名詞,地域,一般,*,*,世田谷区,セタガヤク,セタガヤク,4/5,C1
世羅町,1353,1353,999,名詞,固有名詞,地域,一般,*,*,世羅町,セラチョウ,セラチョー,2/4,C1
世羅郡,1353,1353,999,名詞,固有名詞,地域,一般,*,*,世羅郡,セラグン,セラグン,2/4,C1
中之条町,1353,1353,999,名詞,固有名詞,地域,一般,*,*,中之条町,ナカノジョウマチ,ナカノジョーマチ,5/7,C1
中井町,1353,1353,999,名詞,固有名詞,地域,一般,*,*,中井町,ナカイマチ,ナカイマチ,3/5,C1
中土佐町,1353,1353,999,名詞,固有名詞,地域,一般,*,*,中土佐町,ナカトサチョウ,ナカトサチョー,4/6,C1
中城村,1353,1353,999,名詞,固有名詞,地域,一般,*,*,中城村,ナカグスクソン,ナカグスクソン,5/7,C1
中央区,1353,1353,999,名詞,固有名詞,地域,一般,*,*,中央区,チュウオウク,チューオーク,4/5,C1
中央市,1353,1353,999,名詞,固有名詞,地域,一般,*,*,中央市,チュウオウシ,チューオーシ,4/5,C1
中富良野町,1353,1353,999,名詞,固有名詞,地域,一般,*,*,中富良野町,ナカフラノチョウ,ナカフラノチョー,5/7,C1
中山町,1353,1353,999,名詞,固有名詞,地域,一般,*,*,中山町,ナカヤママチ,ナカヤママチ,4/6,C1
中島村,1353,1353,999,名詞,固有名詞,地域,一般,*,*,中島村,ナカジマムラ,ナカジマムラ,4/6,C1
中川村,1353,1353,999,名詞,固有名詞,地域,一般,*,*,中川村,ナカガワムラ,ナカガワムラ,4/6,C1
中川町,1353,1353,999,名詞,固有名詞,地域,一般,*,*,中川町,ナカガワチョウ,ナカガワチョー,4/6,C1
中川郡,1353,1353,999,名詞,固有名詞,地域,一般,*,*,中川郡,ナカガワグン,ナカガワグン,4/6,C1
中川郡池田町,1353,1353,999,名詞,固有名詞,地域,一般,*,*,中川郡池田町,ナカガワグンイケダチョウ,ナカガワグンイケダチョー,9/11,C1
中巨摩郡,1353,1353,999,名詞,固有名詞,地域,一般,*,*,中巨摩郡,ナカコマグン,ナカコマグン,4/6,C1
中新川郡,1353,1353,999,名詞,固有名詞,地域,一般,*,*,中新川郡,ナカニイカワグン,ナカニイカワグン,6/8,C1
中札内村,1353,1353,999,名詞,固有名詞,地域,一般,*,*,中札内村,ナカサツナイムラ,ナカサツナイムラ,6/8,C1
中標津町,1353,1353,999,名詞,固有名詞,地域,一般,*,*,中標津町,ナカシベツチョウ,ナカシベツチョー,5/7,C1
中泊町,1353,1353,999,名詞,固有名詞,地域,一般,*,*,中泊町,ナカドマリマチ,ナカドマリマチ,5/7,C1
中津川市,1353,1353,999,名詞,固有名詞,地域,一般,*,*,中津川市,ナカツガワシ,ナカツガワシ,5/6,C1
中津市,1353,1353,999,名詞,固有名詞,地域,一般,*,*,中津市,ナカツシ,ナカツシ,3/4,C1
中津軽郡,1353,1353,999,名詞,固有名詞,地域,一般,*,*,中津軽郡,ナカツガルグン,ナカツガルグン,5/7,C1
中種子町,1353,1353,999,名詞,固有名詞,地域,一般,*,*,中種子町,ナカタネチョウ,ナカタネチョー,4/6,C1
中能登町,1353,1353,999,名詞,固有名詞,地域,一般,*,*,中能登町,ナカノトマチ,ナカノトマチ,4/6,C1
中郡,1353,1353,999,名詞,固有名詞,地域,一般,*,*,中郡,ナカグン,ナカグン,2/4,C1
中野区,1353,1353,999,名詞,固有名詞,地域,一般,*,*,中野区,ナカノク,ナカノク,3/4,C1
中野市,1353,1353,999,名詞,固有名詞,地域,一般,*,*,中野市,ナカノシ,ナカノシ,3/4,C1
中間市,1353,1353,999,名詞,固有名詞,地域,一般,*,*,中間市,ナカマシ,ナカマシ,3/4,C1
中頓別町,1353,1353,999,名詞,固有名詞,地域,一般,*,*,中頓別町,ナカトンベツチョウ,ナカトンベツチョー,6/8,C1
中頭郡,1353,1353,999,名詞,固有名詞,地域,一般,*,*,中頭郡,ナカガミグン,ナカガミグン,4/6,C1
中魚沼郡,1353,1353,999,名詞,固有名詞,地域,一般,*,*,中魚沼郡,ナカウオヌマグン,ナカウオヌマグン,6/8,C1
串本町,1353,1353,999,名詞,固有名詞,地域,一般,*,*,串本町,クシモトチョウ,クシモトチョー,4/6,C1
串間市,1353,1353,999,名詞,固有名詞,地域,一般,*,*,串間市,クシマシ,クシマシ,3/4,C1
丸亀市,1353,1353,999,名詞,固有名詞,地域,一般,*,*,丸亀市,マルガメシ,マルガメシ,4/5,C1
丸森町,1353,1353,999,名詞,固有名詞,地域,一般,*,*,丸森町,マルモリマチ,マルモリマチ,4/6,C1
丹波山村,1353,1353,999,名詞,固有名詞,地域,一般,*,*,丹波山村,タバヤマムラ,タバヤマムラ,4/6,C1
丹波市,1353,1353,999,名詞,固有名詞,地域,一般,*,*,丹波市,タンバシ,タンバシ,3/4,C1
丹波篠山市,1353,1353,999,名詞,固有名詞,地域,一般,*,*,丹波篠山市,タンバササヤマシ,タンバササヤマシ,7/8,C1
丹生郡,1353,1353,999,名詞,固有名詞,地域,一般,*,*,丹生郡,ニュウグン,ニューグン,2/4,C1
丹羽郡,1353,1353,999,名詞,固有名詞,地域,一般,*,*,丹羽郡,ニワグン,ニワグン,2/4,C1
久万高原町,1353,1353,999,名詞,固有名詞,地域,一般,*,*,久万高原町,クマコウゲンチョウ,クマコーゲンチョー,6/8,C1
久世郡,1353,1353,999,名詞,固有名詞,地域,一般,*,*,久世郡,クセグン,クセグン,2/4,C1
久喜市,1353,1353,999,名詞,固有名詞,地域,一般,*,*,久喜市,クキシ,クキシ,2/3,C1
久山町,1353,1353,999,名詞,固有名詞,地域,一般,*,*,久山町,ヒサヤママチ,ヒサヤママチ,4/6,C1
久御山町,1353,1353,999,名詞,固有名詞,地域,一般,*,*,久御山町,クミヤマチョウ,クミヤマチョー,4/6,C1
久慈市,1353,1353,999,名詞,固有名詞,地域,一般,*,*,久慈市,クジシ,クジシ,2/3,C1
久慈郡,1353,1353,999,名詞,固有名詞,地域,一般,*,*,久慈郡,クジグン,クジグン,2/4,C1
久留米市,1353,1353,999,名詞,固有名詞,地域,一般,*,*,久留米市,クルメシ,クルメシ,3/4,C1
久米南町,1353,1353,999,名詞,固有名詞,地域,一般,*,*,久米南町,クメナンチョウ,クメナンチョー,4/6,C1
久米島町,1353,1353,999,名詞,固有名詞,地域,一般,*,*,久米島町,クメジマチョウ,クメジマチョー,4/6,C1
久米郡,1353,1353,999,名詞,固有名詞,地域,一般,*,*,久米郡,クメグン,クメグン,2/4,C1
久遠郡,1353,1353,999,名詞,固有名詞,地域,一般,*,*,久遠郡,クドウグン,クドーグン,3/5,C1
乙訓郡,1353,1353,999,名詞,固有名詞,地域,一般,*,*,乙訓郡,オトクニグン,オトクニグン,4/6,C1
乙部町,1353,1353,999,名詞,固有名詞,地域,一般,*,*,乙部町,オトベチョウ,オトベチョー,3/5,C1
九十九里町,1353,1353,999,名詞,固有名詞,地域,一般,*,*,九十九里町,クジュウクリマチ,クジュークリマチ,5/7,C1
九度山町,1353,1353,999,名詞,固有名詞,地域,一般,*,*,九度山町,クドヤマチョウ,クドヤマチョー,4/6,C1
九戸村,1353,1353,999,名詞,固有名詞,地域,一般,*,*,九戸村,クノヘムラ,クノヘムラ,3/5,C1
九戸郡,1353,1353,999,名詞,固有名詞,地域,一般,*,*,九戸郡,クノヘグン,クノヘグン,3/5,C1
九重町,1353,1353,999,名詞,固有名詞,地域,一般,*,*,九重町,ココノエマチ,ココノエマチ,4/6,C1
亀山市,1353,1353,999,名詞,固有名詞,地域,一般,*,*,亀山市,カメヤマシ,カメヤマシ,4/5,C1
亀岡市,1353,1353,999,名詞,固有名詞,地域,一般,*,*,亀岡市,カメオカシ,カメオカシ,4/5,C1
亀田郡,1353,1353,999,名詞,固有名詞,地域,一般,*,*,亀田郡,カメダグン,カメダグン,3/5,C1
二宮町,1353,1353,999,名詞,固有名詞,地域,一般,*,*,二宮町,ニノミヤマチ,ニノミヤマチ,4/6,C1
二戸市,1353,1353,999,名詞,固有名詞,地域,一般,*,*,二戸市,ニノヘシ,ニノヘシ,3/4,C1
二戸郡,1353,1353,999,名詞,固有名詞,地域,一般,*,*,二戸郡,ニノヘグン,ニノヘグン,3/5,C1
二本松市,1353,1353,999,名詞,固有名詞,地域,一般,*,*,二本松市,ニホンマツシ,ニホンマツシ,5/6,C1
二海郡,1353,1353,999,名詞,固有名詞,地域,一般,*,*,二海郡,フタミグン,フタミグン,3/5,C1
五ヶ瀬町,1353,1353,999,名詞,固有名詞,地域,一般,*,*,五ヶ瀬町,ゴカセチョウ,ゴカセチョー,3/5,C1
五城目町,1353,1353,999,名詞,固有名詞,地域,一般,*,*,五城目町,ゴジョウメマチ,ゴジョーメマチ,4/6,C1
五島市,1353,1353,999,名詞,固有名詞,地域,一般,*,*,五島市,ゴトウシ,ゴトーシ,3/4,C1
五戸町,1353,1353,999,名詞,固有名詞,地域,一般,*,*,五戸町,ゴノヘマチ,ゴノヘマチ,3/5,C1
五所川原市,1353,1353,999,名詞,固有名詞,地域,一般,*,*,五所川原市,ゴショガワラシ,ゴショガワラシ,5/6,C1
五木村,1353,1353,999,名詞,固有名詞,地域,一般,*,*,五木村,イツキムラ,イツキムラ,3/5,C1
五條市,1353,1353,999,名詞,固有名詞,地域,一般,*,*,五條市,ゴジョウシ,ゴジョーシ,3/4,C1
五泉市,1353,1353,999,名詞,固有名詞,地域,一般,*,*,五泉市,ゴセンシ,ゴセンシ,3/4,C1
五霞町,1353,1353,999,名詞,固有名詞,地域,一般,*,*,五霞町,ゴカマチ,ゴカマチ,2/4,C1
井原市,1353,1353,999,名詞,固有名詞,地域,一般,*,*,井原市,イバラシ,イバラシ,3/4,C1
井川町,1353,1353,999,名詞,固有名詞,地域,一般,*,*,井川町,イカワマチ,イカワマチ,3/5,C1
井手町,1353,1353,999,名詞,固有名詞,地域,一般,*,*,井手町,イデチョウ,イデチョー,2/4,C1
亘理町,1353,1353,999,名詞,固有名詞,地域,一般,*,*,亘理町,ワタリチョウ,ワタリチョー,3/5,C1
亘理郡,1353,1353,999,名詞,固有名詞,地域,一般,*,*,亘理郡,ワタリグン,ワタリグン,3/5,C1
交野市,1353,1353,999,名詞,固有名詞,地域,一般,*,*,交野市,カタノシ,カタノシ,3/4,C1
京丹後市,1353,1353,999,名詞,固有名詞,地域,一般,*,*,京丹後市,キョウタンゴシ,キョータンゴシ,5/6,C1
京丹波町,1353,1353,999,名詞,固有名詞,地域,一般,*,*,京丹波町,キョウタンバチョウ,キョータンバチョー,5/7,C1
京極町,1353,1353,999,名詞,固有名詞,地域,一般,*,*,京極町,キョウゴクチョウ,キョーゴクチョー,4/6,C1
京田辺市,1353,1353,999,名詞,固有名詞,地域,一般,*,*,京田辺市,キョウタナベシ,キョータナベシ,5/6,C1
京都市上京区,1353,1353,999,名詞,固有名詞,地域,一般,*,*,京都市上京区,キョウトシカミギョウク,キョートシカミギョーク,8/9,C1
京都市下京区,1353,1353,999,名詞,固有名詞,地域,一般,*,*,京都市下京区,キョウトシシモギョウク,キョートシシモギョーク,8/9,C1
京都市中京区,1353,1353,999,名詞,固有名詞,地域,一般,*,*,京都市中京区,キョウトシナカギョウク,キョートシナカギョーク,8/9,C1
京都市伏見区,1353,1353,999,名詞,固有名詞,地域,一般,*,*,京都市伏見区,キョウトシフシミク,キョートシフシミク,7/8,C1
京都市北区,1353,1353,999,名詞,固有名詞,地域,一般,*,*,京都市北区,キョウトシキタク,キョートシキタク,6/7,C1
京都市南区,1353,1353,999,名詞,固有名詞,地域,一般,*,*,京都市南区,キョウトシミナミク,キョートシミナミク,7/8,C1
京都市右京区,1353,1353,999,名詞,固有名詞,地域,一般,*,*,京都市右京区,キョウトシウキョウク,キョートシウキョーク,7/8,C1
京都市山科区,1353,1353,999,名詞,固有名詞,地域,一般,*,*,京都市山科区,キョウトシヤマシナク,キョートシヤマシナク,8/9,C1
京都市左京区,1353,1353,999,名詞,固有名詞,地域,一般,*,*,京都市左京区,キョウトシサキョウク,キョートシサキョーク,7/8,C1
京都市東山区,1353,1353,999,名詞,固有名詞,地域,一般,*,*,京都市東山区,キョウトシヒガシヤマク,キョートシヒガシヤマク,9/10,C1
京都市西京区,1353,1353,999,名詞,固有名詞,地域,一般,*,*,京都市西京区,キョウトシニシキョウク,キョートシニシキョーク,8/9,C1
京都郡,1353,1353,999,名詞,固有名詞,地域,一般,*,*,京都郡,ミヤコグン,ミヤコグン,3/5,C1
人吉市,1353,1353,999,名詞,固有名詞,地域,一般,*,*,人吉市,ヒトヨシシ,ヒトヨシシ,4/5,C1
仁多郡,1353,1353,999,名詞,固有名詞,地域,一般,*,*,仁多郡,ニタグン,ニタグン,2/4,C1
仁木町,1353,1353,999,名詞,固有名詞,地域,一般,*,*,仁木町,ニキチョウ,ニキチョー,2/4,C1
仁淀川町,1353,1353,999,名詞,固有名詞,地域,一般,*,*,仁淀川町,ニヨドガワチョウ,ニヨドガワチョー,5/7,C1
今別町,1353,1353,999,名詞,固有名詞,地域,一般,*,*,今別町,イマベツマチ,イマベツマチ,4/6,C1
今帰仁村,1353,1353,999,名詞,固有名詞,地域,一般,*,*,今帰仁村,ナキジンソン,ナキジンソン,4/6,C1
今治市,1353,1353,999,名詞,固有名詞,地域,一般,*,*,今治市,イマバリシ,イマバリシ,4/5,C1
今立郡,1353,1353,999,名詞,固有名詞,地域,一般,*,*,今立郡,イマダテグン,イマダテグン,4/6,C1
今立郡池田町,1353,1353,999,名詞,固有名詞,地域,一般,*,*,今立郡池田町,イマダテグンイケダチョウ,イマダテグンイケダチョー,9/11,C1
今金町,1353,1353,999,名詞,固有名詞,地域,一般,*,*,今金町,イマカネチョウ,イマカネチョー,4/6,C1
仙北市,1353,1353,999,名詞,固有名詞,地域,一般,*,*,仙北市,センボクシ,センボクシ,4/5,C1
仙北郡,1353,1353,999,名詞,固有名詞,地域,一般,*,*,仙北郡,センボクグン,センボクグン,4/6,C1
仙台市太白区,1353,1353,999,名詞,固有名詞,地域,一般,*,*,仙台市太白区,センダイシタイハクク,センダイシタイハクク,9/10,C1
仙台市宮城野区,1353,1353,999,名詞,固有名詞,地域,一般,*,*,仙台市宮城野区,センダイシミヤギノク,センダイシミヤギノク,9/10,C1
仙台市泉区,1353,1353,999,名詞,固有名詞,地域,一般,*,*,仙台市泉区,センダイシイズミク,センダイシイズミク,8/9,C1
仙台市若林区,1353,1353,999,名詞,固有名詞,地域,一般,*,*,仙台市若林区,センダイシワカバヤシク,センダイシワカバヤシク,10/11,C1
仙台市青葉区,1353,1353,999,名詞,固有名詞,地域,一般,*,*,仙台市青葉区,センダイシアオバク,センダイシアオバク,8/9,C1
仲多度郡,1353,1353,999,名詞,固有名詞,地域,一般,*,*,仲多度郡,ナカタドグン,ナカタドグン,4/6,C1
伊万里市,1353,1353,999,名詞,固有名詞,地域,一般,*,*,伊万里市,イマリシ,イマリシ,3/4,C1
伊丹市,1353,1353,999,名詞,固有名詞,地域,一般,*,*,伊丹市,イタミシ,イタミシ,3/4,C1
伊予市,1353,1353,999,名詞,固有名詞,地域,一般,*,*,伊予市,イヨシ,イヨシ,2/3,C1
伊予郡,1353,1353,999,名詞,固有名詞,地域,一般,*,*,伊予郡,イヨグン,イヨグン,2/4,C1
伊予郡松前町,1353,1353,999,名詞,固有名詞,地域,一般,*,*,伊予郡松前町,イヨグンマサキチョウ,イヨグンマサキチョー,7/9,C1
伊仙町,1353,1353,999,名詞,固有名詞,地域,一般,*,*,伊仙町,イセンチョウ,イセンチョー,3/5,C1
伊佐市,1353,1353,999,名詞,固有名詞,地域,一般,*,*,伊佐市,イサシ,イサシ,2/3,C1
伊具郡,1353,1353,999,名詞,固有名詞,地域,一般,*,*,伊具郡,イググン,イググン,2/4,C1
伊勢原市,1353,1353,999,名詞,固有名詞,地域,一般,*,*,伊勢原市,イセハラシ,イセハラシ,4/5,C1
伊勢崎市,1353,1353,999,名詞,固有名詞,地域,一般,*,*,伊勢崎市,イセサキシ,イセサキシ,4/5,C1
伊勢市,1353,1353,999,名詞,固有名詞,地域,一般,*,*,伊勢市,イセシ,イセシ,2/3,C1
伊奈町,1353,1353,999,名詞,固有名詞,地域,一般,*,*,伊奈町,イナマチ,イナマチ,2/4,C1
伊平屋村,1353,1353,999,名詞,固有名詞,地域,一般,*,*,伊平屋村,イヘヤソン,イヘヤソン,3/5,C1
伊方町,1353,1353,999,名詞,固有名詞,地域,一般,*,*,伊方町,イカタチョウ,イカタチョー,3/5,C1
伊是名村,1353,1353,999,名詞,固有名詞,地域,一般,*,*,伊是名村,イゼナソン,イゼナソン,3/5,C1
伊東市,1353,1353,999,名詞,固有名詞,地域,一般,*,*,伊東市,イトウシ,イトーシ,3/4,C1
伊根町,1353,1353,999,名詞,固有名詞,地域,一般,*,*,伊根町,イネチョウ,イネチョー,2/4,C1
伊江村,1353,1353,999,名詞,固有名詞,地域,一般,*,*,伊江村,イエソン,イエソン,2/4,C1
伊豆の国市,1353,1353,999,名詞,固有名詞,地域,一般,*,*,伊豆の国市,イズノクニシ,イズノクニシ,5/6,C1
伊豆市,1353,1353,999,名詞,固有名詞,地域,一般,*,*,伊豆市,イズシ,イズシ,2/3,C1
伊賀市,1353,1353,999,名詞,固有名詞,地域,一般,*,*,伊賀市,イガシ,イガシ,2/3,C1
伊達市,1353,1353,999,名詞,固有名詞,地域,一般,*,*,伊達市,ダテシ,ダテシ,2/3,C1
伊達郡,1353,1353,999,名詞,固有名詞,地域,一般,*,*,伊達郡,ダテグン,ダテグン,2/4,C1
伊那市,1353,1353,999,名詞,固有名詞,地域,一般,*,*,伊那市,イナシ,イナシ,2/3,C1
伊都郡,1353,1353,999,名詞,固有名詞,地域,一般,*,*,伊都郡,イトグン,イトグン,2/4,C1
会津坂下町,1353,1353,999,名詞,固有名詞,地域,一般,*,*,会津坂下町,アイヅバンゲマチ,アイヅバンゲマチ,6/8,C1
会津美里町,1353,1353,999,名詞,固有名詞,地域,一般,*,*,会津美里町,アイヅミサトマチ,アイヅミサトマチ,6/8,C1
会津若松市,1353,1353,999,名詞,固有名詞,地域,一般,*,*,会津若松市,アイヅワカマツシ,アイヅワカマツシ,7/8,C1
伯耆町,1353,1353,999,名詞,固有名詞,地域,一般,*,*,伯耆町,ホウキチョウ,ホーキチョー,3/5,C1
住田町,1353,1353,999,名詞,固有名詞,地域,一般,*,*,住田町,スミタチョウ,スミタチョー,3/5,C1
佐々町,1353,1353,999,名詞,固有名詞,地域,一般,*,*,佐々町,サザチョウ,サザチョー,2/4,C1
佐世保市,1353,1353,999,名詞,固有名詞,地域,一般,*,*,佐世保市,サセボシ,サセボシ,3/4,C1
佐久市,1353,1353,999,名詞,固有名詞,地域,一般,*,*,佐久市,サクシ,サクシ,2/3,C1
佐久穂町,1353,1353,999,名詞,固有名詞,地域,一般,*,*,佐久穂町,サクホマチ,サクホマチ,3/5,C1
佐井村,1353,1353,999,名詞,固有名詞,地域,一般,*,*,佐井村,サイムラ,サイムラ,2/4,C1
佐伯市,1353,1353,999,名詞,固有名詞,地域,一般,*,*,佐伯市,サイキシ,サイキシ,3/4,C1
佐倉市,1353,1353,999,名詞,固有名詞,地域,一般,*,*,佐倉市,サクラシ,サクラシ,3/4,C1
佐呂間町,1353,1353,999,名詞,固有名詞,地域,一般,*,*,佐呂間町,サロマチョウ,サロマチョー,3/5,C1
佐川町,1353,1353,999,名詞,固有名詞,地域,一般,*,*,佐川町,サカワチョウ,サカワチョー,3/5,C1
佐波郡,1353,1353,999,名詞,固有名詞,地域,一般,*,*,佐波郡,サワグン,サワグン,2/4,C1
佐渡市,1353,1353,999,名詞,固有名詞,地域,一般,*,*,佐渡市,サドシ,サドシ,2/3,C1
佐用町,1353,1353,999,名詞,固有名詞,地域,一般,*,*,佐用町,サヨウチョウ,サヨーチョー,3/5,C1
佐用郡,1353,1353,999,名詞,固有名詞,地域,一般,*,*,佐用郡,サヨウグン,サヨーグン,3/5,C1
佐賀市,1353,1353,999,名詞,固有名詞,地域,一般,*,*,佐賀市,サガシ,サガシ,2/3,C1
佐那河内村,1353,1353,999,名詞,固有名詞,地域,一般,*,*,佐那河内村,サナゴウチソン,サナゴーチソン,5/7,C1
佐野市,1353,1353,999,名詞,固有名詞,地域,一般,*,*,佐野市,サノシ,サノシ,2/3,C1
余市町,1353,1353,999,名詞,固有名詞,地域,一般,*,*,余市町,ヨイチチョウ,ヨイチチョー,3/5,C1
余市郡,1353,1353,999,名詞,固有名詞,地域,一般,*,*,余市郡,ヨイチグン,ヨイチグン,3/5,C1
信濃町,1353,1353,999,名詞,固有名詞,地域,一般,*,*,信濃町,シナノマチ,シナノマチ,3/5,C1
倉吉市,1353,1353,999,名詞,固有名詞,地域,一般,*,*,倉吉市,クラヨシシ,クラヨシシ,4/5,C1
倉敷市,1353,1353,999,名詞,固有名詞,地域,一般,*,*,倉敷市,クラシキシ,クラシキシ,4/5,C1
倶知安町,1353,1353,999,名詞,固有名詞,地域,一般,*,*,倶知安町,クッチャンチョウ,クッチャンチョー,4/6,C1
備前市,1353,1353,999,名詞,固有名詞,地域,一般,*,*,備前市,ビゼンシ,ビゼンシ,3/4,C1
光市,1353,1353,999,名詞,固有名詞,地域,一般,*,*,光市,ヒカリシ,ヒカリシ,3/4,C1
児湯郡,1353,1353,999,名詞,固有名詞,地域,一般,*,*,児湯郡,コユグン,コユグン,2/4,C1
児玉郡,1353,1353,999,名詞,固有名詞,地域,一般,*,*,児玉郡,コダマグン,コダマグン,3/5,C1
入善町,1353,1353,999,名詞,固有名詞,地域,一般,*,*,入善町,ニュウゼンマチ,ニューゼンマチ,4/6,C1
入間市,1353,1353,999,名詞,固有名詞,地域,一般,*,*,入間市,イルマシ,イルマシ,3/4,C1
入間郡,1353,1353,999,名詞,固有名詞,地域,一般,*,*,入間郡,イルマグン,イルマグン,3/5,C1
八丈島八丈町,1353,1353,999,名詞,固有名詞,地域,一般,*,*,八丈島八丈町,ハチジョウジマハチジョウマチ,ハチジョージマハチジョーマチ,10/12,C1
八代市,1353,1353,999,名詞,固有名詞,地域,一般,*,*,八代市,ヤツシロシ,ヤツシロシ,4/5,C1
八代郡,1353,1353,999,名詞,固有名詞,地域,一般,*,*,八代郡,ヤツシログン,ヤツシログン,4/6,C1
八千代市,1353,1353,999,名詞,固有名詞,地域,一般,*,*,八千代市,ヤチヨシ,ヤチヨシ,3/4,C1
八千代町,1353,1353,999,名詞,固有名詞,地域,一般,*,*,八千代町,ヤチヨマチ,ヤチヨマチ,3/5,C1
八女市,1353,1353,999,名詞,固有名詞,地域,一般,*,*,八女市,ヤメシ,ヤメシ,2/3,C1
八女郡,1353,1353,999,名詞,固有名詞,地域,一般,*,*,八女郡,ヤメグン,ヤメグン,2/4,C1
八女郡広川町,1353,1353,999,名詞,固有名詞,地域,一般,*,*,八女郡広川町,ヤメグンヒロカワマチ,ヤメグンヒロカワマチ,8/10,C1
八尾市,1353,1353,999,名詞,固有名詞,地域,一般,*,*,八尾市,ヤオシ,ヤオシ,2/3,C1
八峰町,1353,1353,999,名詞,固有名詞,地域,一般,*,*,八峰町,ハッポウチョウ,ハッポーチョー,4/6,C1
八幡市,1353,1353,999,名詞,固有名詞,地域,一般,*,*,八幡市,ヤワタシ,ヤワタシ,3/4,C1
八幡平市,1353,1353,999,名詞,固有名詞,地域,一般,*,*,八幡平市,ハチマンタイシ,ハチマンタイシ,6/7,C1
八幡浜市,1353,1353,999,名詞,固有名詞,地域,一般,*,*,八幡浜市,ヤワタハマシ,ヤワタハマシ,5/6,C1
八戸市,1353,1353,999,名詞,固有名詞,地域,一般,*,*,八戸市,ハチノヘシ,ハチノヘシ,4/5,C1
八潮市,1353,1353,999,名詞,固有名詞,地域,一般,*,*,八潮市,ヤシオシ,ヤシオシ,3/4,C1
八王子市,1353,1353,999,名詞,固有名詞,地域,一般,*,*,八王子市,ハチオウジシ,ハチオージシ,5/6,C1
八百津町,1353,1353,999,名詞,固有名詞,地域,一般,*,*,八百津町,ヤオツチョウ,ヤオツチョー,3/5,C1
八街市,1353,1353,999,名詞,固有名詞,地域,一般,*,*,八街市,ヤチマタシ,ヤチマタシ,4/5,C1
八郎潟町,1353,1353,999,名詞,固有名詞,地域,一般,*,*,八郎潟町,ハチロウガタマチ,ハチローガタマチ,6/8,C1
八重山郡,1353,1353,999,名詞,固有名詞,地域,一般,*,*,八重山郡,ヤエヤマグン,ヤエヤマグン,4/6,C1
八重瀬町,1353,1353,999,名詞,固有名詞,地域,一般,*,*,八重瀬町,ヤエセチョウ,ヤエセチョー,3/5,C1
八雲町,1353,1353,999,名詞,固有名詞,地域,一般,*,*,八雲町,ヤクモチョウ,ヤクモチョー,3/5,C1
八頭町,1353,1353,999,名詞,固有名詞,地域,一般,*,*,八頭町,ヤズチョウ,ヤズチョー,2/4,C1
八頭郡,1353,1353,999,名詞,固有名詞,地域,一般,*,*,八頭郡,ヤズグン,ヤズグン,2/4,C1
六ヶ所村,1353,1353,999,名詞,固有名詞,地域,一般,*,*,六ヶ所村,ロッカショムラ,ロッカショムラ,4/6,C1
六戸町,1353,1353,999,名詞,固有名詞,地域,一般,*,*,六戸町,ロクノヘマチ,ロクノヘマチ,4/6,C1
共和町,1353,1353,999,名詞,固有名詞,地域,一般,*,*,共和町,キョウワチョウ,キョーワチョー,3/5,C1
内子町,1353,1353,999,名詞,固有名詞,地域,一般,*,*,内子町,ウチコチョウ,ウチコチョー,3/5,C1
内灘町,1353,1353,999,名詞,固有名詞,地域,一般,*,*,内灘町,ウチナダマチ,ウチナダマチ,4/6,C1
出水市,1353,1353,999,名詞,固有名詞,地域,一般,*,*,出水市,イズミシ,イズミシ,3/4,C1
出水郡,1353,1353,999,名詞,固有名詞,地域,一般,*,*,出水郡,イズミグン,イズミグン,3/5,C1
出雲崎町,1353,1353,999,名詞,固有名詞,地域,一般,*,*,出雲崎町,イズモザキマチ,イズモザキマチ,5/7,C1
出雲市,1353,1353,999,名詞,固有名詞,地域,一般,*,*,出雲市,イズモシ,イズモシ,3/4,C1
函南町,1353,1353,999,名詞,固有名詞,地域,一般,*,*,函南町,カンナミチョウ,カンナミチョー,4/6,C1
函館市,1353,1353,999,名詞,固有名詞,地域,一般,*,*,函館市,ハコダテシ,ハコダテシ,4/5,C1
刈田郡,1353,1353,999,名詞,固有名詞,地域,一般,*,*,刈田郡,カッタグン,カッタグン,3/5,C1
刈羽村,1353,1353,999,名詞,固有名詞,地域,一般,*,*,刈羽村,カリワムラ,カリワムラ,3/5,C1
刈羽郡,1353,1353,999,名詞,固有名詞,地域,一般,*,*,刈羽郡,カリワグン,カリワグン,3/5,C1
刈谷市,1353,1353,999,名詞,固有名詞,地域,一般,*,*,刈谷市,カリヤシ,カリヤシ,3/4,C1
初山別村,1353,1353,999,名詞,固有名詞,地域,一般,*,*,初山別村,ショサンベツムラ,ショサンベツムラ,5/7,C1
別府市,1353,1353,999,名詞,固有名詞,地域,一般,*,*,別府市,ベップシ,ベップシ,3/4,C1
別海町,1353,1353,999,名詞,固有名詞,地域,一般,*,*,別海町,ベツカイチョウ,ベツカイチョー,4/6,C1
利尻富士町,1353,1353,999,名詞,固有名詞,地域,一般,*,*,利尻富士町,リシリフジチョウ,リシリフジチョー,5/7,C1
利尻町,1353,1353,999,名詞,固有名詞,地域,一般,*,*,利尻町,リシリチョウ,リシリチョー,3/5,C1
利尻郡,1353,1353,999,名詞,固有名詞,地域,一般,*,*,利尻郡,リシリグン,リシリグン,3/5,C1
利島村,1353,1353,999,名詞,固有名詞,地域,一般,*,*,利島村,トシマムラ,トシマムラ,3/5,C1
利府町,1353,1353,999,名詞,固有名詞,地域,一般,*,*,利府町,リフチョウ,リフチョー,2/4,C1
利根町,1353,1353,999,名詞,固有名詞,地域,一般,*,*,利根町,トネマチ,トネマチ,2/4,C1
利根郡,1353,1353,999,名詞,固有名詞,地域,一般,*,*,利根郡,トネグン,トネグン,2/4,C1
前橋市,1353,1353,999,名詞,固有名詞,地域,一般,*,*,前橋市,マエバシシ,マエバシシ,4/5,C1
剣淵町,1353,1353,999,名詞,固有名詞,地域,一般,*,*,剣淵町,ケンブチチョウ,ケンブチチョー,4/6,C1
加古川市,1353,1353,999,名詞,固有名詞,地域,一般,*,*,加古川市,カコガワシ,カコガワシ,4/5,C1
加古郡,1353,1353,999,名詞,固有名詞,地域,一般,*,*,加古郡,カコグン,カコグン,2/4,C1
加東市,1353,1353,999,名詞,固有名詞,地域,一般,*,*,加東市,カトウシ,カトーシ,3/4,C1
加美町,1353,1353,999,名詞,固有名詞,地域,一般,*,*,加美町,カミマチ,カミマチ,2/4,C1
加美郡,1353,1353,999,名詞,固有名詞,地域,一般,*,*,加美郡,カミグン,カミグン,2/4,C1
加茂市,1353,1353,999,名詞,固有名詞,地域,一般,*,*,加茂市,カモシ,カモシ,2/3,C1
加茂郡,1353,1353,999,名詞,固有名詞,地域,一般,*,*,加茂郡,カモグン,カモグン,2/4,C1
加西市,1353,1353,999,名詞,固有名詞,地域,一般,*,*,加西市,カサイシ,カサイシ,3/4,C1
加賀市,1353,1353,999,名詞,固有名詞,地域,一般,*,*,加賀市,カガシ,カガシ,2/3,C1
加賀郡,1353,1353,999,名詞,固有名詞,地域,一般,*,*,加賀郡,カガグン,カガグン,2/4,C1
加須市,1353,1353,999,名詞,固有名詞,地域,一般,*,*,加須市,カゾシ,カゾシ,2/3,C1
勇払郡,1353,1353,999,名詞,固有名詞,地域,一般,*,*,勇払郡,ユウフツグン,ユーフツグン,4/6,C1
勝央町,1353,1353,999,名詞,固有名詞,地域,一般,*,*,勝央町,ショウオウチョウ,ショーオーチョー,4/6,C1
勝山市,1353,1353,999,名詞,固有名詞,地域,一般,*,*,勝山市,カツヤマシ,カツヤマシ,4/5,C1
勝浦市,1353,1353,999,名詞,固有名詞,地域,一般,*,*,勝浦市,カツウラシ,カツーラシ,4/5,C1
勝浦町,1353,1353,999,名詞,固有名詞,地域,一般,*,*,勝浦町,カツウラチョウ,カツーラチョー,4/6,C1
勝浦郡,1353,1353,999,名詞,固有名詞,地域,一般,*,*,勝浦郡,カツウラグン,カツーラグン,4/6,C1
勝田郡,1353,1353,999,名詞,固有名詞,地域,一般,*,*,勝田郡,カツタグン,カツタグン,3/5,C1
北上市,1353,1353,999,名詞,固有名詞,地域,一般,*,*,北上市,キタカミシ,キタカミシ,4/5,C1
北中城村,1353,1353,999,名詞,固有名詞,地域,一般,*,*,北中城村,キタナカグスクソン,キタナカグスクソン,7/9,C1
北九州市八幡東区,1353,1353,999,名詞,固有名詞,地域,一般,*,*,北九州市八幡東区,キタキュウシュウシヤハタヒガシク,キタキューシューシヤハタヒガシク,13/14,C1
北九州市八幡西区,1353,1353,999,名詞,固有名詞,地域,一般,*,*,北九州市八幡西区,キタキュウシュウシヤハタニシク,キタキューシューシヤハタニシク,12/13,C1
北九州市小倉北区,1353,1353,999,名詞,固有名詞,地域,一般,*,*,北九州市小倉北区,キタキュウシュウシコクラキタク,キタキューシューシコクラキタク,12/13,C1
北九州市小倉南区,1353,1353,999,名詞,固有名詞,地域,一般,*,*,北九州市小倉南区,キタキュウシュウシコクラミナミク,キタキューシューシコクラミナミク,13/14,C1
北九州市戸畑区,1353,1353,999,名詞,固有名詞,地域,一般,*,*,北九州市戸畑区,キタキュウシュウシトバタク,キタキューシューシトバタク,10/11,C1
北九州市若松区,1353,1353,999,名詞,固有名詞,地域,一般,*,*,北九州市若松区,キタキュウシュウシワカマツク,キタキューシューシワカマツク,11/12,C1
北九州市門司区,1353,1353,999,名詞,固有名詞,地域,一般,*,*,北九州市門司区,キタキュウシュウシモジク,キタキューシューシモジク,9/10,C1
北佐久郡,1353,1353,999,名詞,固有名詞,地域,一般,*,*,北佐久郡,キタサクグン,キタサクグン,4/6,C1
北区,1353,1353,999,名詞,固有名詞,地域,一般,*,*,北区,キタク,キタク,2/3,C1
北名古屋市,1353,1353,999,名詞,固有名詞,地域,一般,*,*,北名古屋市,キタナゴヤシ,キタナゴヤシ,5/6,C1
北塩原村,1353,1353,999,名詞,固有名詞,地域,一般,*,*,北塩原村,キタシオバラムラ,キタシオバラムラ,6/8,C1
北大東村,1353,1353,999,名詞,固有名詞,地域,一般,*,*,北大東村,キタダイトウソン,キタダイトーソン,6/8,C1
北宇和郡,1353,1353,999,名詞,固有名詞,地域,一般,*,*,北宇和郡,キタウワグン,キタウワグン,4/6,C1
北安曇郡,1353,1353,999,名詞,固有名詞,地域,一般,*,*,北安曇郡,キタアヅミグン,キタアヅミグン,5/7,C1
北安曇郡池田町,1353,1353,999,名詞,固有名詞,地域,一般,*,*,北安曇郡池田町,キタアヅミグンイケダマチ,キタアヅミグンイケダマチ,10/12,C1
北山村,1353,1353,999,名詞,固有名詞,地域,一般,*,*,北山村,キタヤマムラ,キタヤマムラ,4/6,C1
北島町,1353,1353,999,名詞,固有名詞,地域,一般,*,*,北島町,キタジマチョウ,キタジマチョー,4/6,C1
北川村,1353,1353,999,名詞,固有名詞,地域,一般,*,*,北川村,キタガワムラ,キタガワムラ,4/6,C1
北広島市,1353,1353,999,名詞,固有名詞,地域,一般,*,*,北広島市,キタヒロシマシ,キタヒロシマシ,6/7,C1
北広島町,1353,1353,999,名詞,固有名詞,地域,一般,*,*,北広島町,キタヒロシマチョウ,キタヒロシマチョー,6/8,C1
北斗市,1353,1353,999,名詞,固有名詞,地域,一般,*,*,北斗市,ホクトシ,ホクトシ,3/4,C1
北方町,1353,1353,999,名詞,固有名詞,地域,一般,*,*,北方町,キタガタチョウ,キタガタチョー,4/6,C1
北本市,1353,1353,999,名詞,固有名詞,地域,一般,*,*,北本市,キタモトシ,キタモトシ,4/5,C1
北村山郡,1353,1353,999,名詞,固有名詞,地域,一般,*,*,北村山郡,キタムラヤマグン,キタムラヤマグン,6/8,C1
北杜市,1353,1353,999,名詞,固有名詞,地域,一般,*,*,北杜市,ホクトシ,ホクトシ,3/4,C1
北松浦郡,1353,1353,999,名詞,固有名詞,地域,一般,*,*,北松浦郡,キタマツウラグン,キタマツーラグン,6/8,C1
北栄町,1353,1353,999,名詞,固有名詞,地域,一般,*,*,北栄町,ホクエイチョウ,ホクエーチョー,4/6,C1
北津軽郡,1353,1353,999,名詞,固有名詞,地域,一般,*,*,北津軽郡,キタツガルグン,キタツガルグン,5/7,C1
北牟婁郡,1353,1353,999,名詞,固有名詞,地域,一般,*,*,北牟婁郡,キタムログン,キタムログン,4/6,C1
北相木村,1353,1353,999,名詞,固有名詞,地域,一般,*,*,北相木村,キタアイキムラ,キタアイキムラ,5/7,C1
北相馬郡,1353,1353,999,名詞,固有名詞,地域,一般,*,*,北相馬郡,キタソウマグン,キタソーマグン,5/7,C1
北秋田市,1353,1353,999,名詞,固有名詞,地域,一般,*,*,北秋田市,キタアキタシ,キタアキタシ,5/6,C1
北秋田郡,1353,1353,999,名詞,固有名詞,地域,一般,*,*,北秋田郡,キタアキタグン,キタアキタグン,5/7,C1
北竜町,1353,1353,999,名詞,固有名詞,地域,一般,*,*,北竜町,ホクリュウチョウ,ホクリューチョー,4/6,C1
北群馬郡,1353,1353,999,名詞,固有名詞,地域,一般,*,*,北群馬郡,キタグン,キタグン,2/4,C1
北茨城市,1353,1353,999,名詞,固有名詞,地域,一般,*,*,北茨城市,キタイバラキシ,キタイバラキシ,6/7,C1
北葛城郡,1353,1353,999,名詞,固有名詞,地域,一般,*,*,北葛城郡,キタカツラギグン,キタカツラギグン,6/8,C1
北葛飾郡,1353,1353,999,名詞,固有名詞,地域,一般,*,*,北葛飾郡,キタカツシカグン,キタカツシカグン,6/8,C1
北蒲原郡,1353,1353,999,名詞,固有名詞,地域,一般,*,*,北蒲原郡,キタカンバラグン,キタカンバラグン,6/8,C1
北見市,1353,1353,999,名詞,固有名詞,地域,一般,*,*,北見市,キタミシ,キタミシ,3/4,C1
北設楽郡,1353,1353,999,名詞,固有名詞,地域,一般,*,*,北設楽郡,キタシタラグン,キタシタラグン,5/7,C1
北諸県郡,1353,1353,999,名詞,固有名詞,地域,一般,*,*,北諸県郡,キタモロカタグン,キタモロカタグン,6/8,C1
北谷町,1353,1353,999,名詞,固有名詞,地域,一般,*,*,北谷町,チャタンチョウ,チャタンチョー,3/5,C1
北足立郡,1353,1353,999,名詞,固有名詞,地域,一般,*,*,北足立郡,キタアダチグン,キタアダチグン,5/7,C1
北都留郡,1353,1353,999,名詞,固有名詞,地域,一般,*,*,北都留郡,キタツルグン,キタツルグン,4/6,C1
匝瑳市,1353,1353,999,名詞,固有名詞,地域,一般,*,*,匝瑳市,ソウサシ,ソーサシ,3/4,C1
十勝郡,1353,1353,999,名詞,固有名詞,地域,一般,*,*,十勝郡,トカチグン,トカチグン,3/5,C1
十和田市,1353,1353,999,名詞,固有名詞,地域,一般,*,*,十和田市,トワダシ,トワダシ,3/4,C1
十島村,1353,1353,999,名詞,固有名詞,地域,一般,*,*,十島村,トシマムラ,トシマムラ,3/5,C1
十日町市,1353,1353,999,名詞,固有名詞,地域,一般,*,*,十日町市,トオカマチシ,トーカマチシ,5/6,C1
十津川村,1353,1353,999,名詞,固有名詞,地域,一般,*,*,十津川村,トツカワムラ,トツカワムラ,4/6,C1
千代田区,1353,1353,999,名詞,固有名詞,地域,一般,*,*,千代田区,チヨダク,チヨダク,3/4,C1
千代田町,1353,1353,999,名詞,固有名詞,地域,一般,*,*,千代田町,チヨダマチ,チヨダマチ,3/5,C1
千早赤阪村,1353,1353,999,名詞,固有名詞,地域,一般,*,*,千早赤阪村,チハヤアカサカムラ,チハヤアカサカムラ,7/9,C1
千曲市,1353,1353,999,名詞,固有名詞,地域,一般,*,*,千曲市,チクマシ,チクマシ,3/4,C1
千歳市,1353,1353,999,名詞,固有名詞,地域,一般,*,*,千歳市,チトセシ,チトセシ,3/4,C1
千葉市中央区,1353,1353,999,名詞,固有名詞,地域,一般,*,*,千葉市中央区,チバシチュウオウク,チバシチューオーク,7/8,C1
千葉市稲毛区,1353,1353,999,名詞,固有名詞,地域,一般,*,*,千葉市稲毛区,チバシイナゲク,チバシイナゲク,6/7,C1
千葉市緑区,1353,1353,999,名詞,固有名詞,地域,一般,*,*,千葉市緑区,チバシミドリク,チバシミドリク,6/7,C1
千葉市美浜区,1353,1353,999,名詞,固有名詞,地域,一般,*,*,千葉市美浜区,チバシミハマク,チバシミハマク,6/7,C1
千葉市花見川区,1353,1353,999,名詞,固有名詞,地域,一般,*,*,千葉市花見川区,チバシハナミガワク,チバシハナミガワク,8/9,C1
千葉市若葉区,1353,1353,999,名詞,固有名詞,地域,一般,*,*,千葉市若葉区,チバシワカバク,チバシワカバク,6/7,C1
半田市,1353,1353,999,名詞,固有名詞,地域,一般,*,*,半田市,ハンダシ,ハンダシ,3/4,C1
南あわじ市,1353,1353,999,名詞,固有名詞,地域,一般,*,*,南あわじ市,ミナミアワジシ,ミナミアワジシ,6/7,C1
南さつま市,1353,1353,999,名詞,固有名詞,地域,一般,*,*,南さつま市,ミナミサツマシ,ミナミサツマシ,6/7,C1
南アルプス市,1353,1353,999,名詞,固有名詞,地域,一般,*,*,南アルプス市,ミナミアルプスシ,ミナミアルプスシ,7/8,C1
南三陸町,1353,1353,999,名詞,固有名詞,地域,一般,*,*,南三陸町,ミナミサンリクチョウ,ミナミサンリクチョー,7/9,C1
南丹市,1353,1353,999,名詞,固有名詞,地域,一般,*,*,南丹市,ナンタンシ,ナンタンシ,4/5,C1
南九州市,1353,1353,999,名詞,固有名詞,地域,一般,*,*,南九州市,ミナミキュウシュウシ,ミナミキューシューシ,7/8,C1
南伊勢町,1353,1353,999,名詞,固有名詞,地域,一般,*,*,南伊勢町,ミナミイセチョウ,ミナミイセチョー,5/7,C1
南伊豆町,1353,1353,999,名詞,固有名詞,地域,一般,*,*,南伊豆町,ミナミイズチョウ,ミナミイズチョー,5/7,C1
南会津町,1353,1353,999,名詞,固有名詞,地域,一般,*,*,南会津町,ミナミアイヅマチ,ミナミアイヅマチ,6/8,C1
南会津郡,1353,1353,999,名詞,固有名詞,地域,一般,*,*,南会津郡,ミナミアイヅグン,ミナミアイヅグン,6/8,C1
南佐久郡,1353,1353,999,名詞,固有名詞,地域,一般,*,*,南佐久郡,ミナミサクグン,ミナミサクグン,5/7,C1
南佐久郡南牧村,1353,1353,999,名詞,固有名詞,地域,一般,*,*,南佐久郡南牧村,ミナミサクグンミナミマキムラ,ミナミサクグンミナミマキムラ,12/14,C1
南国市,1353,1353,999,名詞,固有名詞,地域,一般,*,*,南国市,ナンコクシ,ナンコクシ,4/5,C1
南城市,1353,1353,999,名詞,固有名詞,地域,一般,*,*,南城市,ナンジョウシ,ナンジョーシ,4/5,C1
南埼玉郡,1353,1353,999,名詞,固有名詞,地域,一般,*,*,南埼玉郡,ミナミサイタマグン,ミナミサイタマグン,7/9,C1
南大東村,1353,1353,999,名詞,固有名詞,地域,一般,*,*,南大東村,ミナミダイトウソン,ミナミダイトーソン,7/9,C1
南大隅町,1353,1353,999,名詞,固有名詞,地域,一般,*,*,南大隅町,ミナミオオスミチョウ,ミナミオースミチョー,7/9,C1
南宇和郡,1353,1353,999,名詞,固有名詞,地域,一般,*,*,南宇和郡,ミナミウワグン,ミナミウワグン,5/7,C1
南富良野町,1353,1353,999,名詞,固有名詞,地域,一般,*,*,南富良野町,ミナミフラノチョウ,ミナミフラノチョー,6/8,C1
南小国町,1353,1353,999,名詞,固有名詞,地域,一般,*,*,南小国町,ミナミオグニマチ,ミナミオグニマチ,6/8,C1
南山城村,1353,1353,999,名詞,固有名詞,地域,一般,*,*,南山城村,ミナミヤマシロムラ,ミナミヤマシロムラ,7/9,C1
南島原市,1353,1353,999,名詞,固有名詞,地域,一般,*,*,南島原市,ミナミシマバラシ,ミナミシマバラシ,7/8,C1
南巨摩郡,1353,1353,999,名詞,固有名詞,地域,一般,*,*,南巨摩郡,ミナミコマグン,ミナミコマグン,5/7,C1
南幌町,1353,1353,999,名詞,固有名詞,地域,一般,*,*,南幌町,ナンポロチョウ,ナンポロチョー,4/6,C1
南房総市,1353,1353,999,名詞,固有名詞,地域,一般,*,*,南房総市,ミナミボウソウシ,ミナミボーソーシ,7/8,C1
南木曽町,1353,1353,999,名詞,固有名詞,地域,一般,*,*,南木曽町,ナギソマチ,ナギソマチ,3/5,C1
南条郡,1353,1353,999,名詞,固有名詞,地域,一般,*,*,南条郡,ナンジョウグン,ナンジョーグン,4/6,C1
南松浦郡,1353,1353,999,名詞,固有名詞,地域,一般,*,*,南松浦郡,ミナミマツウラグン,ミナミマツーラグン,7/9,C1
南河内郡,1353,1353,999,名詞,固有名詞,地域,一般,*,*,南河内郡,ミナミカワチグン,ミナミカワチグン,6/8,C1
南津軽郡,1353,1353,999,名詞,固有名詞,地域,一般,*,*,南津軽郡,ミナミツガルグン,ミナミツガルグン,6/8,C1
南牟婁郡,1353,1353,999,名詞,固有名詞,地域,一般,*,*,南牟婁郡,ミナミムログン,ミナミムログン,5/7,C1
南相木村,1353,1353,999,名詞,固有名詞,地域,一般,*,*,南相木村,ミナミアイキムラ,ミナミアイキムラ,6/8,C1
南相馬市,1353,1353,999,名詞,固有名詞,地域,一般,*,*,南相馬市,ミナミソウマシ,ミナミソーマシ,6/7,C1
南知多町,1353,1353,999,名詞,固有名詞,地域,一般,*,*,南知多町,ミナミチタチョウ,ミナミチタチョー,5/7,C1
南砺市,1353,1353,999,名詞,固有名詞,地域,一般,*,*,南砺市,ナントシ,ナントシ,3/4,C1
南秋田郡,1353,1353,999,名詞,固有名詞,地域,一般,*,*,南秋田郡,ミナミアキタグン,ミナミアキタグン,6/8,C1
南種子町,1353,1353,999,名詞,固有名詞,地域,一般,*,*,南種子町,ミナミタネチョウ,ミナミタネチョー,5/7,C1
南箕輪村,1353,1353,999,名詞,固有名詞,地域,一般,*,*,南箕輪村,ミナミミノワムラ,ミナミミノワムラ,6/8,C1
南蒲原郡,1353,1353,999,名詞,固有名詞,地域,一般,*,*,南蒲原郡,ミナミカンバラグン,ミナミカンバラグン,7/9,C1
南越前町,1353,1353,999,名詞,固有名詞,地域,一般,*,*,南越前町,ミナミエチゼンチョウ,ミナミエチゼンチョー,7/9,C1
南足柄市,1353,1353,999,名詞,固有名詞,地域,一般,*,*,南足柄市,ミナミアシガラシ,ミナミアシガラシ,7/8,C1
南部町,1353,1353,999,名詞,固有名詞,地域,一般,*,*,南部町,ナンブチョウ,ナンブチョー,3/5,C1
南都留郡,1353,1353,999,名詞,固有名詞,地域,一般,*,*,南都留郡,ミナミツルグン,ミナミツルグン,5/7,C1
南関町,1353,1353,999,名詞,固有名詞,地域,一般,*,*,南関町,ナンカンマチ,ナンカンマチ,4/6,C1
南阿蘇村,1353,1353,999,名詞,固有名詞,地域,一般,*,*,南阿蘇村,ミナミアソムラ,ミナミアソムラ,5/7,C1
南陽市,1353,1353,999,名詞,固有名詞,地域,一般,*,*,南陽市,ナンヨウシ,ナンヨーシ,4/5,C1
南風原町,1353,1353,999,名詞,固有名詞,地域,一般,*,*,南風原町,ハエバルチョウ,ハエバルチョー,4/6,C1
南魚沼市,1353,1353,999,名詞,固有名詞,地域,一般,*,*,南魚沼市,ミナミウオヌマシ,ミナミウオヌマシ,7/8,C1
南魚沼郡,1353,1353,999,名詞,固有名詞,地域,一般,*,*,南魚沼郡,ミナミウオヌマグン,ミナミウオヌマグン,7/9,C1
占冠村,1353,1353,999,名詞,固有名詞,地域,一般,*,*,占冠村,シムカップムラ,シムカップムラ,5/7,C1
印南町,1353,1353,999,名詞,固有名詞,地域,一般,*,*,印南町,イナミチョウ,イナミチョー,3/5,C1
印旛郡,1353,1353,999,名詞,固有名詞,地域,一般,*,*,印旛郡,インバグン,インバグン,3/5,C1
印西市,1353,1353,999,名詞,固有名詞,地域,一般,*,*,印西市,インザイシ,インザイシ,4/5,C1
厚岸町,1353,1353,999,名詞,固有名詞,地域,一般,*,*,厚岸町,アッケシチョウ,アッケシチョー,4/6,C1
厚岸郡,1353,1353,999,名詞,固有名詞,地域,一般,*,*,厚岸郡,アッケシグン,アッケシグン,4/6,C1
厚木市,1353,1353,999,名詞,固有名詞,地域,一般,*,*,厚木市,アツギシ,アツギシ,3/4,C1
厚沢部町,1353,1353,999,名詞,固有名詞,地域,一般,*,*,厚沢部町,アッサブチョウ,アッサブチョー,4/6,C1
厚真町,1353,1353,999,名詞,固有名詞,地域,一般,*,*,厚真町,アツマチョウ,アツマチョー,3/5,C1
原村,1353,1353,999,名詞,固有名詞,地域,一般,*,*,原村,ハラムラ,ハラムラ,2/4,C1
双葉町,1353,1353,999,名詞,固有名詞,地域,一般,*,*,双葉町,フタバマチ,フタバマチ,3/5,C1
双葉郡,1353,1353,999,名詞,固有名詞,地域,一般,*,*,双葉郡,フタバグン,フタバグン,3/5,C1
取手市,1353,1353,999,名詞,固有名詞,地域,一般,*,*,取手市,トリデシ,トリデシ,3/4,C1
古宇郡,1353,1353,999,名詞,固有名詞,地域,一般,*,*,古宇郡,フルウグン,フルーグン,3/5,C1
古平町,1353,1353,999,名詞,固有名詞,地域,一般,*,*,古平町,フルビラチョウ,フルビラチョー,4/6,C1
古平郡,1353,1353,999,名詞,固有名詞,地域,一般,*,*,古平郡,フルビラグン,フルビラグン,4/6,C1
古座川町,1353,1353,999,名詞,固有名詞,地域,一般,*,*,古座川町,コザガワチョウ,コザガワチョー,4/6,C1
古殿町,1353,1353,999,名詞,固有名詞,地域,一般,*,*,古殿町,フルドノマチ,フルドノマチ,4/6,C1
古河市,1353,1353,999,名詞,固有名詞,地域,一般,*,*,古河市,コガシ,コガシ,2/3,C1
古賀市,1353,1353,999,名詞,固有名詞,地域,一般,*,*,古賀市,コガシ,コガシ,2/3,C1
只見町,1353,1353,999,名詞,固有名詞,地域,一般,*,*,只見町,タダミマチ,タダミマチ,3/5,C1
可児市,1353,1353,999,名詞,固有名詞,地域,一般,*,*,可児市,カニシ,カニシ,2/3,C1
可児郡,1353,1353,999,名詞,固有名詞,地域,一般,*,*,可児郡,カニグン,カニグン,2/4,C1
台東区,1353,1353,999,名詞,固有名詞,地域,一般,*,*,台東区,タイトウク,タイトーク,4/5,C1
各務原市,1353,1353,999,名詞,固有名詞,地域,一般,*,*,各務原市,カカミガハラシ,カカミガハラシ,6/7,C1
合志市,1353,1353,999,名詞,固有名詞,地域,一般,*,*,合志市,コウシシ,コーシシ,3/4,C1
吉備中央町,1353,1353,999,名詞,固有名詞,地域,一般,*,*,吉備中央町,キビチュウオウチョウ,キビチューオーチョー,6/8,C1
吉富町,1353,1353,999,名詞,固有名詞,地域,一般,*,*,吉富町,ヨシトミマチ,ヨシトミマチ,4/6,C1
吉岡町,1353,1353,999,名詞,固有名詞,地域,一般,*,*,吉岡町,マグンヨシオカマチ,マグンヨシオカマチ,7/9,C1
吉川市,1353,1353,999,名詞,固有名詞,地域,一般,*,*,吉川市,ヨシカワシ,ヨシカワシ,4/5,C1
吉田町,1353,1353,999,名詞,固有名詞,地域,一般,*,*,吉田町,ヨシダチョウ,ヨシダチョー,3/5,C1
吉田郡,1353,1353,999,名詞,固有名詞,地域,一般,*,*,吉田郡,ヨシダグン,ヨシダグン,3/5,C1
吉見町,1353,1353,999,名詞,固有名詞,地域,一般,*,*,吉見町,ヨシミマチ,ヨシミマチ,3/5,C1
吉賀町,1353,1353,999,名詞,固有名詞,地域,一般,*,*,吉賀町,ヨシカチョウ,ヨシカチョー,3/5,C1
吉野ヶ里町,1353,1353,999,名詞,固有名詞,地域,一般,*,*,吉野ヶ里町,ヨシノガリチョウ,ヨシノガリチョー,5/7,C1
吉野川市,1353,1353,999,名詞,固有名詞,地域,一般,*,*,吉野川市,ヨシノガワシ,ヨシノガワシ,5/6,C1
吉野町,1353,1353,999,名詞,固有名詞,地域,一般,*,*,吉野町,ヨシノチョウ,ヨシノチョー,3/5,C1
吉野郡,1353,1353,999,名詞,固有名詞,地域,一般,*,*,吉野郡,ヨシノグン,ヨシノグン,3/5,C1
名取市,1353,1353,999,名詞,固有名詞,地域,一般,*,*,名取市,ナトリシ,ナトリシ,3/4,C1
名古屋市中区,1353,1353,999,名詞,固有名詞,地域,一般,*,*,名古屋市中区,ナゴヤシナカク,ナゴヤシナカク,6/7,C1
名古屋市中川区,1353,1353,999,名詞,固有名詞,地域,一般,*,*,名古屋市中川区,ナゴヤシナカガワク,ナゴヤシナカガワク,8/9,C1
名古屋市中村区,1353,1353,999,名詞,固有名詞,地域,一般,*,*,名古屋市中村区,ナゴヤシナカムラク,ナゴヤシナカムラク,8/9,C1
名古屋市北区,1353,1353,999,名詞,固有名詞,地域,一般,*,*,名古屋市北区,ナゴヤシキタク,ナゴヤシキタク,6/7,C1
名古屋市千種区,1353,1353,999,名詞,固有名詞,地域,一般,*,*,名古屋市千種区,ナゴヤシチクサク,ナゴヤシチクサク,7/8,C1
名古屋市南区,1353,1353,999,名詞,固有名詞,地域,一般,*,*,名古屋市南区,ナゴヤシミナミク,ナゴヤシミナミク,7/8,C1
名古屋市名東区,1353,1353,999,名詞,固有名詞,地域,一般,*,*,名古屋市名東区,ナゴヤシメイトウク,ナゴヤシメートーク,8/9,C1
名古屋市天白区,1353,1353,999,名詞,固有名詞,地域,一般,*,*,名古屋市天白区,ナゴヤシテンパクク,ナゴヤシテンパクク,8/9,C1
名古屋市守山区,1353,1353,999,名詞,固有名詞,地域,一般,*,*,名古屋市守山区,ナゴヤシモリヤマク,ナゴヤシモリヤマク,8/9,C1
名古屋市昭和区,1353,1353,999,名詞,固有名詞,地域,一般,*,*,名古屋市昭和区,ナゴヤシショウワク,ナゴヤシショーワク,7/8,C1
名古屋市東区,1353,1353,999,名詞,固有名詞,地域,一般,*,*,名古屋市東区,ナゴヤシヒガシク,ナゴヤシヒガシク,7/8,C1
名古屋市港区,1353,1353,999,名詞,固有名詞,地域,一般,*,*,名古屋市港区,ナゴヤシミナトク,ナゴヤシミナトク,7/8,C1
名古屋市熱田区,1353,1353,999,名詞,固有名詞,地域,一般,*,*,名古屋市熱田区,ナゴヤシアツタク,ナゴヤシアツタク,7/8,C1
名古屋市瑞穂区,1353,1353,999,名詞,固有名詞,地域,一般,*,*,名古屋市瑞穂区,ナゴヤシミズホク,ナゴヤシミズホク,7/8,C1
名古屋市緑区,1353,1353,999,名詞,固有名詞,地域,一般,*,*,名古屋市緑区,ナゴヤシミドリク,ナゴヤシミドリク,7/8,C1
名古屋市西区,1353,1353,999,名詞,固有名詞,地域,一般,*,*,名古屋市西区,ナゴヤシニシク,ナゴヤシニシク,6/7,C1
名寄市,1353,1353,999,名詞,固有名詞,地域,一般,*,*,名寄市,ナヨロシ,ナヨロシ,3/4,C1
名張市,1353,1353,999,名詞,固有名詞,地域,一般,*,*,名張市,ナバリシ,ナバリシ,3/4,C1
名東郡,1353,1353,999,名詞,固有名詞,地域,一般,*,*,名東郡,ミョウドウグン,ミョードーグン,4/6,C1
名西郡,1353,1353,999,名詞,固有名詞,地域,一般,*,*,名西郡,ミョウザイグン,ミョーザイグン,4/6,C1
名護市,1353,1353,999,名詞,固有名詞,地域,一般,*,*,名護市,ナゴシ,ナゴシ,2/3,C1
向日市,1353,1353,999,名詞,固有名詞,地域,一般,*,*,向日市,ムコウシ,ムコーシ,3/4,C1
君津市,1353,1353,999,名詞,固有名詞,地域,一般,*,*,君津市,キミツシ,キミツシ,3/4,C1
吹田市,1353,1353,999,名詞,固有名詞,地域,一般,*,*,吹田市,スイタシ,スイタシ,3/4,C1
吾妻郡,1353,1353,999,名詞,固有名詞,地域,一般,*,*,吾妻郡,アガツマグン,アガツマグン,4/6,C1
吾川郡,1353,1353,999,名詞,固有名詞,地域,一般,*,*,吾川郡,アガワグン,アガワグン,3/5,C1
呉市,1353,1353,999,名詞,固有名詞,地域,一般,*,*,呉市,クレシ,クレシ,2/3,C1
周南市,1353,1353,999,名詞,固有名詞,地域,一般,*,*,周南市,シュウナンシ,シューナンシ,4/5,C1
周智郡,1353,1353,999,名詞,固有名詞,地域,一般,*,*,周智郡,シュウチグン,シューチグン,3/5,C1
周防大島町,1353,1353,999,名詞,固有名詞,地域,一般,*,*,周防大島町,スオウオオシマチョウ,スオーオーシマチョー,7/9,C1
和光市,1353,1353,999,名詞,固有名詞,地域,一般,*,*,和光市,ワコウシ,ワコーシ,3/4,C1
和寒町,1353,1353,999,名詞,固有名詞,地域,一般,*,*,和寒町,ワッサムチョウ,ワッサムチョー,4/6,C1
和木町,1353,1353,999,名詞,固有名詞,地域,一般,*,*,和木町,ワキチョウ,ワキチョー,2/4,C1
和束町,1353,1353,999,名詞,固有名詞,地域,一般,*,*,和束町,ワヅカチョウ,ワヅカチョー,3/5,C1
和歌山市,1353,1353,999,名詞,固有名詞,地域,一般,*,*,和歌山市,ワカヤマシ,ワカヤマシ,4/5,C1
和気町,1353,1353,999,名詞,固有名詞,地域,一般,*,*,和気町,ワケチョウ,ワケチョー,2/4,C1
和気郡,1353,1353,999,名詞,固有名詞,地域,一般,*,*,和気郡,ワケグン,ワケグン,2/4,C1
和水町,1353,1353,999,名詞,固有名詞,地域,一般,*,*,和水町,ナゴミマチ,ナゴミマチ,3/5,C1
和泉市,1353,1353,999,名詞,固有名詞,地域,一般,*,*,和泉市,イズミシ,イズミシ,3/4,C1
和泊町,1353,1353,999,名詞,固有名詞,地域,一般,*,*,和泊町,ワドマリチョウ,ワドマリチョー,4/6,C1
和賀郡,1353,1353,999,名詞,固有名詞,地域,一般,*,*,和賀郡,ワガグン,ワガグン,2/4,C1
品川区,1353,1353,999,名詞,固有名詞,地域,一般,*,*,品川区,シナガワク,シナガワク,4/5,C1
員弁郡,1353,1353,999,名詞,固有名詞,地域,一般,*,*,員弁郡,イナベグン,イナベグン,3/5,C1
唐津市,1353,1353,999,名詞,固有名詞,地域,一般,*,*,唐津市,カラツシ,カラツシ,3/4,C1
善通寺市,1353,1353,999,名詞,固有名詞,地域,一般,*,*,善通寺市,ゼンツウジシ,ゼンツージシ,5/6,C1
喜多方市,1353,1353,999,名詞,固有名詞,地域,一般,*,*,喜多方市,キタカタシ,キタカタシ,4/5,C1
喜多郡,1353,1353,999,名詞,固有名詞,地域,一般,*,*,喜多郡,キタグン,キタグン,2/4,C1
喜界町,1353,1353,999,名詞,固有名詞,地域,一般,*,*,喜界町,キカイチョウ,キカイチョー,3/5,C1
喜茂別町,1353,1353,999,名詞,固有名詞,地域,一般,*,*,喜茂別町,キモベツチョウ,キモベツチョー,4/6,C1
喬木村,1353,1353,999,名詞,固有名詞,地域,一般,*,*,喬木村,タカギムラ,タカギムラ,3/5,C1
嘉島町,1353,1353,999,名詞,固有名詞,地域,一般,*,*,嘉島町,カシママチ,カシママチ,3/5,C1
嘉手納町,1353,1353,999,名詞,固有名詞,地域,一般,*,*,嘉手納町,カデナチョウ,カデナチョー,3/5,C1
嘉穂郡,1353,1353,999,名詞,固有名詞,地域,一般,*,*,嘉穂郡,カホグン,カホグン,2/4,C1
嘉麻市,1353,1353,999,名詞,固有名詞,地域,一般,*,*,嘉麻市,カマシ,カマシ,2/3,C1
四万十市,1353,1353,999,名詞,固有名詞,地域,一般,*,*,四万十市,シマントシ,シマントシ,4/5,C1
四万十町,1353,1353,999,名詞,固有名詞,地域,一般,*,*,四万十町,シマントチョウ,シマントチョー,4/6,C1
四国中央市,1353,1353,999,名詞,固有名詞,地域,一般,*,*,四国中央市,シコクチュウオウシ,シコクチューオーシ,7/8,C1
四日市市,1353,1353,999,名詞,固有名詞,地域,一般,*,*,四日市市,ヨッカイチシ,ヨッカイチシ,5/6,C1
四條畷市,1353,1353,999,名詞,固有名詞,地域,一般,*,*,四條畷市,シジョウナワテシ,シジョーナワテシ,6/7,C1
四街道市,1353,1353,999,名詞,固有名詞,地域,一般,*,*,四街道市,ヨツカイドウシ,ヨツカイドーシ,6/7,C1
国分寺市,1353,1353,999,名詞,固有名詞,地域,一般,*,*,国分寺市,コクブンジシ,コクブンジシ,5/6,C1
国富町,1353,1353,999,名詞,固有名詞,地域,一般,*,*,国富町,クニトミチョウ,クニトミチョー,4/6,C1
国東市,1353,1353,999,名詞,固有名詞,地域,一般,*,*,国東市,クニサキシ,クニサキシ,4/5,C1
国立市,1353,1353,999,名詞,固有名詞,地域,一般,*,*,国立市,クニタチシ,クニタチシ,4/5,C1
国見町,1353,1353,999,名詞,固有名詞,地域,一般,*,*,国見町,クニミマチ,クニミマチ,3/5,C1
国頭村,1353,1353,999,名詞,固有名詞,地域,一般,*,*,国頭村,クニガミソン,クニガミソン,4/6,C1
国頭郡,1353,1353,999,名詞,固有名詞,地域,一般,*,*,国頭郡,クニガミグン,クニガミグン,4/6,C1
土佐市,1353,1353,999,名詞,固有名詞,地域,一般,*,*,土佐市,トサシ,トサシ,2/3,C1
土佐清水市,1353,1353,999,名詞,固有名詞,地域,一般,*,*,土佐清水市,トサシミズシ,トサシミズシ,5/6,C1
土佐町,1353,1353,999,名詞,固有名詞,地域,一般,*,*,土佐町,トサチョウ,トサチョー,2/4,C1
土佐郡,1353,1353,999,名詞,固有名詞,地域,一般,*,*,土佐郡,トサグン,トサグン,2/4,C1
土岐市,1353,1353,999,名詞,固有名詞,地域,一般,*,*,土岐市,トキシ,トキシ,2/3,C1
土庄町,1353,1353,999,名詞,固有名詞,地域,一般,*,*,土庄町,トノショウチョウ,トノショーチョー,4/6,C1
土浦市,1353,1353,999,名詞,固有名詞,地域,一般,*,*,土浦市,ツチウラシ,ツチウラシ,4/5,C1
坂井市,1353,1353,999,名詞,固有名詞,地域,一般,*,*,坂井市,サカイシ,サカイシ,3/4,C1
坂出市,1353,1353,999,名詞,固有名詞,地域,一般,*,*,坂出市,サカイデシ,サカイデシ,4/5,C1
坂城町,1353,1353,999,名詞,固有名詞,地域,一般,*,*,坂城町,サカキマチ,サカキマチ,3/5,C1
坂戸市,1353,1353,999,名詞,固有名詞,地域,一般,*,*,坂戸市,サカドシ,サカドシ,3/4,C1
坂東市,1353,1353,999,名詞,固有名詞,地域,一般,*,*,坂東市,バンドウシ,バンドーシ,4/5,C1
坂町,1353,1353,999,名詞,固有名詞,地域,一般,*,*,坂町,サカチョウ,サカチョー,2/4,C1
坂祝町,1353,1353,999,名詞,固有名詞,地域,一般,*,*,坂祝町,サカホギチョウ,サカホギチョー,4/6,C1
垂井町,1353,1353,999,名詞,固有名詞,地域,一般,*,*,垂井町,タルイチョウ,タルイチョー,3/5,C1
垂水市,1353,1353,999,名詞,固有名詞,地域,一般,*,*,垂水市,タルミズシ,タルミズシ,4/5,C1
城里町,1353,1353,999,名詞,固有名詞,地域,一般,*,*,城里町,シロサトマチ,シロサトマチ,4/6,C1
城陽市,1353,1353,999,名詞,固有名詞,地域,一般,*,*,城陽市,ジョウヨウシ,ジョーヨーシ,4/5,C1
埴科郡,1353,1353,999,名詞,固有名詞,地域,一般,*,*,埴科郡,ハニシナグン,ハニシナグン,4/6,C1
基山町,1353,1353,999,名詞,固有名詞,地域,一般,*,*,基山町,キヤマチョウ,キヤマチョー,3/5,C1
堺市中区,1353,1353,999,名詞,固有名詞,地域,一般,*,*,堺市中区,サカイシナカク,サカイシナカク,6/7,C1
堺市北区,1353,1353,999,名詞,固有名詞,地域,一般,*,*,堺市北区,サカイシキタク,サカイシキタク,6/7,C1
堺市南区,1353,1353,999,名詞,固有名詞,地域,一般,*,*,堺市南区,サカイシミナミク,サカイシミナミク,7/8,C1
堺市堺区,1353,1353,999,名詞,固有名詞,地域,一般,*,*,堺市堺区,サカイシサカイク,サカイシサカイク,7/8,C1
堺市東区,1353,1353,999,名詞,固有名詞,地域,一般,*,*,堺市東区,サカイシヒガシク,サカイシヒガシク,7/8,C1
堺市美原区,1353,1353,999,名詞,固有名詞,地域,一般,*,*,堺市美原区,サカイシミハラク,サカイシミハラク,7/8,C1
堺市西区,1353,1353,999,名詞,固有名詞,地域,一般,*,*,堺市西区,サカイシニシク,サカイシニシク,6/7,C1
塙町,1353,1353,999,名詞,固有名詞,地域,一般,*,*,塙町,ハナワマチ,ハナワマチ,3/5,C1
塩尻市,1353,1353,999,名詞,固有名詞,地域,一般,*,*,塩尻市,シオジリシ,シオジリシ,4/5,C1
塩竈市,1353,1353,999,名詞,固有名詞,地域,一般,*,*,塩竈市,シオガマシ,シオガマシ,4/5,C1
塩谷町,1353,1353,999,名詞,固有名詞,地域,一般,*,*,塩谷町,シオヤマチ,シオヤマチ,3/5,C1
塩谷郡,1353,1353,999,名詞,固有名詞,地域,一般,*,*,塩谷郡,シオヤグン,シオヤグン,3/5,C1
境港市,1353,1353,999,名詞,固有名詞,地域,一般,*,*,境港市,サカイミナトシ,サカイミナトシ,6/7,C1
境町,1353,1353,999,名詞,固有名詞,地域,一般,*,*,境町,サカイマチ,サカイマチ,3/5,C1
増毛町,1353,1353,999,名詞,固有名詞,地域,一般,*,*,増毛町,マシケチョウ,マシケチョー,3/5,C1
増毛郡,1353,1353,999,名詞,固有名詞,地域,一般,*,*,増毛郡,マシケグン,マシケグン,3/5,C1
墨田区,1353,1353,999,名詞,固有名詞,地域,一般,*,*,墨田区,スミダク,スミダク,3/4,C1
士別市,1353,1353,999,名詞,固有名詞,地域,一般,*,*,士別市,シベツシ,シベツシ,3/4,C1
士幌町,1353,1353,999,名詞,固有名詞,地域,一般,*,*,士幌町,シホロチョウ,シホロチョー,3/5,C1
壬生町,1353,1353,999,名詞,固有名詞,地域,一般,*,*,壬生町,ミブマチ,ミブマチ,2/4,C1
壮瞥町,1353,1353,999,名詞,固有名詞,地域,一般,*,*,壮瞥町,ソウベツチョウ,ソーベツチョー,4/6,C1
壱岐市,1353,1353,999,名詞,固有名詞,地域,一般,*,*,壱岐市,イキシ,イキシ,2/3,C1
売木村,1353,1353,999,名詞,固有名詞,地域,一般,*,*,売木村,ウルギムラ,ウルギムラ,3/5,C1
夕張市,1353,1353,999,名詞,固有名詞,地域,一般,*,*,夕張市,ユウバリシ,ユーバリシ,4/5,C1
夕張郡,1353,1353,999,名詞,固有名詞,地域,一般,*,*,夕張郡,ユウバリグン,ユーバリグン,4/6,C1
外ヶ浜町,1353,1353,999,名詞,固有名詞,地域,一般,*,*,外ヶ浜町,ソトガハママチ,ソトガハママチ,5/7,C1
多久市,1353,1353,999,名詞,固有名詞,地域,一般,*,*,多久市,タクシ,タクシ,2/3,C1
多古町,1353,1353,999,名詞,固有名詞,地域,一般,*,*,多古町,タコマチ,タコマチ,2/4,C1
多可町,1353,1353,999,名詞,固有名詞,地域,一般,*,*,多可町,タカチョウ,タカチョー,2/4,C1
多可郡,1353,1353,999,名詞,固有名詞,地域,一般,*,*,多可郡,タカグン,タカグン,2/4,C1
多度津町,1353,1353,999,名詞,固有名詞,地域,一般,*,*,多度津町,タドツチョウ,タドツチョー,3/5,C1
多摩市,1353,1353,999,名詞,固有名詞,地域,一般,*,*,多摩市,タマシ,タマシ,2/3,C1
多気町,1353,1353,999,名詞,固有名詞,地域,一般,*,*,多気町,タキチョウ,タキチョー,2/4,C1
多気郡,1353,1353,999,名詞,固有名詞,地域,一般,*,*,多気郡,タキグン,タキグン,2/4,C1
多気郡明和町,1353,1353,999,名詞,固有名詞,地域,一般,*,*,多気郡明和町,タキグンメイワチョウ,タキグンメーワチョー,7/9,C1
多治見市,1353,1353,999,名詞,固有名詞,地域,一般,*,*,多治見市,タジミシ,タジミシ,3/4,C1
多良木町,1353,1353,999,名詞,固有名詞,地域,一般,*,*,多良木町,タラギマチ,タラギマチ,3/5,C1
多良間村,1353,1353,999,名詞,固有名詞,地域,一般,*,*,多良間村,タラマソン,タラマソン,3/5,C1
多賀城市,1353,1353,999,名詞,固有名詞,地域,一般,*,*,多賀城市,タガジョウシ,タガジョーシ,4/5,C1
多賀町,1353,1353,999,名詞,固有名詞,地域,一般,*,*,多賀町,タガチョウ,タガチョー,2/4,C1
多野郡,1353,1353,999,名詞,固有名詞,地域,一般,*,*,多野郡,タノグン,タノグン,2/4,C1
大井町,1353,1353,999,名詞,固有名詞,地域,一般,*,*,大井町,オオイマチ,オーイマチ,3/5,C1
大仙市,1353,1353,999,名詞,固有名詞,地域,一般,*,*,大仙市,ダイセンシ,ダイセンシ,4/5,C1
大任町,1353,1353,999,名詞,固有名詞,地域,一般,*,*,大任町,オオトウマチ,オートーマチ,4/6,C1
大刀洗町,1353,1353,999,名詞,固有名詞,地域,一般,*,*,大刀洗町,タチアライマチ,タチアライマチ,5/7,C1
大分市,1353,1353,999,名詞,固有名詞,地域,一般,*,*,大分市,オオイタシ,オーイタシ,4/5,C1
大口町,1353,1353,999,名詞,固有名詞,地域,一般,*,*,大口町,オオグチチョウ,オーグチチョー,4/6,C1
大台町,1353,1353,999,名詞,固有名詞,地域,一般,*,*,大台町,オオダイチョウ,オーダイチョー,4/6,C1
大和市,1353,1353,999,名詞,固有名詞,地域,一般,*,*,大和市,ヤマトシ,ヤマトシ,3/4,C1
大和村,1353,1353,999,名詞,固有名詞,地域,一般,*,*,大和村,ヤマトソン,ヤマトソン,3/5,C1
大和町,1353,1353,999,名詞,固有名詞,地域,一般,*,*,大和町,タイワチョウ,タイワチョー,3/5,C1
大和郡山市,1353,1353,999,名詞,固有名詞,地域,一般,*,*,大和郡山市,ヤマトコオリヤマシ,ヤマトコーリヤマシ,8/9,C1
大和高田市,1353,1353,999,名詞,固有名詞,地域,一般,*,*,大和高田市,ヤマトタカダシ,ヤマトタカダシ,6/7,C1
大垣市,1353,1353,999,名詞,固有名詞,地域,一般,*,*,大垣市,オオガキシ,オーガキシ,4/5,C1
大多喜町,1353,1353,999,名詞,固有名詞,地域,一般,*,*,大多喜町,オオタキマチ,オータキマチ,4/6,C1
大子町,1353,1353,999,名詞,固有名詞,地域,一般,*,*,大子町,ダイゴマチ,ダイゴマチ,3/5,C1
大宜味村,1353,1353,999,名詞,固有名詞,地域,一般,*,*,大宜味村,オオギミソン,オーギミソン,4/6,C1
大山崎町,1353,1353,999,名詞,固有名詞,地域,一般,*,*,大山崎町,オオヤマザキチョウ,オーヤマザキチョー,6/8,C1
大山町,1353,1353,999,名詞,固有名詞,地域,一般,*,*,大山町,ダイセンチョウ,ダイセンチョー,4/6,C1
大島町,1353,1353,999,名詞,固有名詞,地域,一般,*,*,大島町,オオシママチ,オーシママチ,4/6,C1
大島郡,1353,1353,999,名詞,固有名詞,地域,一般,*,*,大島郡,オオシマグン,オーシマグン,4/6,C1
大崎上島町,1353,1353,999,名詞,固有名詞,地域,一般,*,*,大崎上島町,オオサキカミジマチョウ,オーサキカミジマチョー,8/10,C1
大崎市,1353,1353,999,名詞,固有名詞,地域,一般,*,*,大崎市,オオサキシ,オーサキシ,4/5,C1
大崎町,1353,1353,999,名詞,固有名詞,地域,一般,*,*,大崎町,オオサキチョウ,オーサキチョー,4/6,C1
大川市,1353,1353,999,名詞,固有名詞,地域,一般,*,*,大川市,オオカワシ,オーカワシ,4/5,C1
大川村,1353,1353,999,名詞,固有名詞,地域,一般,*,*,大川村,オオカワムラ,オーカワムラ,4/6,C1
大府市,1353,1353,999,名詞,固有名詞,地域,一般,*,*,大府市,オオブシ,オーブシ,3/4,C1
大月市,1353,1353,999,名詞,固有名詞,地域,一般,*,*,大月市,オオツキシ,オーツキシ,4/5,C1
大月町,1353,1353,999,名詞,固有名詞,地域,一般,*,*,大月町,オオツキチョウ,オーツキチョー,4/6,C1
大木町,1353,1353,999,名詞,固有名詞,地域,一般,*,*,大木町,オオキマチ,オーキマチ,3/5,C1
大村市,1353,1353,999,名詞,固有名詞,地域,一般,*,*,大村市,オオムラシ,オームラシ,4/5,C1
大東市,1353,1353,999,名詞,固有名詞,地域,一般,*,*,大東市,ダイトウシ,ダイトーシ,4/5,C1
大桑村,1353,1353,999,名詞,固有名詞,地域,一般,*,*,大桑村,オオクワムラ,オークワムラ,4/6,C1
大槌町,1353,1353,999,名詞,固有名詞,地域,一般,*,*,大槌町,オオツチチョウ,オーツチチョー,4/6,C1
大樹町,1353,1353,999,名詞,固有名詞,地域,一般,*,*,大樹町,タイキチョウ,タイキチョー,3/5,C1
大江町,1353,1353,999,名詞,固有名詞,地域,一般,*,*,大江町,オオエマチ,オーエマチ,3/5,C1
大河原町,1353,1353,999,名詞,固有名詞,地域,一般,*,*,大河原町,オオガワラマチ,オーガワラマチ,5/7,C1
大治町,1353,1353,999,名詞,固有名詞,地域,一般,*,*,大治町,オオハルチョウ,オーハルチョー,4/6,C1
大沼郡,1353,1353,999,名詞,固有名詞,地域,一般,*,*,大沼郡,オオヌマグン,オーヌマグン,4/6,C1
大泉町,1353,1353,999,名詞,固有名詞,地域,一般,*,*,大泉町,オオイズミマチ,オーイズミマチ,5/7,C1
大洗町,1353,1353,999,名詞,固有名詞,地域,一般,*,*,大洗町,オオアライマチ,オーアライマチ,5/7,C1
大津市,1353,1353,999,名詞,固有名詞,地域,一般,*,*,大津市,オオツシ,オーツシ,3/4,C1
大津町,1353,1353,999,名詞,固有名詞,地域,一般,*,*,大津町,オオヅマチ,オーヅマチ,3/5,C1
大洲市,1353,1353,999,名詞,固有名詞,地域,一般,*,*,大洲市,オオズシ,オーズシ,3/4,C1
大淀町,1353,1353,999,名詞,固有名詞,地域,一般,*,*,大淀町,オオヨドチョウ,オーヨドチョー,4/6,C1
大潟村,1353,1353,999,名詞,固有名詞,地域,一般,*,*,大潟村,オオガタムラ,オーガタムラ,4/6,C1
大熊町,1353,1353,999,名詞,固有名詞,地域,一般,*,*,大熊町,オオクママチ,オークママチ,4/6,C1
大牟田市,1353,1353,999,名詞,固有名詞,地域,一般,*,*,大牟田市,オオムタシ,オームタシ,4/5,C1
大玉村,1353,1353,999,名詞,固有名詞,地域,一般,*,*,大玉村,オオタマムラ,オータマムラ,4/6,C1
大田区,1353,1353,999,名詞,固有名詞,地域,一般,*,*,大田区,オオタク,オータク,3/4,C1
大田原市,1353,1353,999,名詞,固有名詞,地域,一般,*,*,大田原市,オオタワラシ,オータワラシ,5/6,C1
大田市,1353,1353,999,名詞,固有名詞,地域,一般,*,*,大田市,オオダシ,オーダシ,3/4,C1
大町市,1353,1353,999,名詞,固有名詞,地域,一般,*,*,大町市,オオマチシ,オーマチシ,4/5,C1
大町町,1353,1353,999,名詞,固有名詞,地域,一般,*,*,大町町,オオマチチョウ,オーマチチョー,4/6,C1
大石田町,1353,1353,999,名詞,固有名詞,地域,一般,*,*,大石田町,オオイシダマチ,オーイシダマチ,5/7,C1
大磯町,1353,1353,999,名詞,固有名詞,地域,一般,*,*,大磯町,オオイソマチ,オーイソマチ,4/6,C1
大空町,1353,1353,999,名詞,固有名詞,地域,一般,*,*,大空町,オオゾラチョウ,オーゾラチョー,4/6,C1
大竹市,1353,1353,999,名詞,固有名詞,地域,一般,*,*,大竹市,オオタケシ,オータケシ,4/5,C1
大紀町,1353,1353,999,名詞,固有名詞,地域,一般,*,*,大紀町,タイキチョウ,タイキチョー,3/5,C1
大網白里市,1353,1353,999,名詞,固有名詞,地域,一般,*,*,大網白里市,オオアミシラサトシ,オーアミシラサトシ,8/9,C1
大船渡市,1353,1353,999,名詞,固有名詞,地域,一般,*,*,大船渡市,オオフナトシ,オーフナトシ,5/6,C1
大蔵村,1353,1353,999,名詞,固有名詞,地域,一般,*,*,大蔵村,オオクラムラ,オークラムラ,4/6,C1
大衡村,1353,1353,999,名詞,固有名詞,地域,一般,*,*,大衡村,オオヒラムラ,オーヒラムラ,4/6,C1
大豊町,1353,1353,999,名詞,固有名詞,地域,一般,*,*,大豊町,オオトヨチョウ,オートヨチョー,4/6,C1
大郷町,1353,1353,999,名詞,固有名詞,地域,一般,*,*,大郷町,オオサトチョウ,オーサトチョー,4/6,C1
大里郡,1353,1353,999,名詞,固有名詞,地域,一般,*,*,大里郡,オオサトグン,オーサトグン,4/6,C1
大野城市,1353,1353,999,名詞,固有名詞,地域,一般,*,*,大野城市,オオノジョウシ,オーノジョーシ,5/6,C1
大野市,1353,1353,999,名詞,固有名詞,地域,一般,*,*,大野市,オオノシ,オーノシ,3/4,C1
大野町,1353,1353,999,名詞,固有名詞,地域,一般,*,*,大野町,オオノチョウ,オーノチョー,3/5,C1
大野郡,1353,1353,999,名詞,固有名詞,地域,一般,*,*,大野郡,オオノグン,オーノグン,3/5,C1
大間町,1353,1353,999,名詞,固有名詞,地域,一般,*,*,大間町,オオママチ,オーママチ,3/5,C1
大阪市中央区,1353,1353,999,名詞,固有名詞,地域,一般,*,*,大阪市中央区,オオサカシチュウオウク,オーサカシチューオーク,9/10,C1
大阪市住之江区,1353,1353,999,名詞,固有名詞,地域,一般,*,*,大阪市住之江区,オオサカシスミノエク,オーサカシスミノエク,9/10,C1
大阪市住吉区,1353,1353,999,名詞,固有名詞,地域,一般,*,*,大阪市住吉区,オオサカシスミヨシク,オーサカシスミヨシク,9/10,C1
大阪市北区,1353,1353,999,名詞,固有名詞,地域,一般,*,*,大阪市北区,オオサカシキタク,オーサカシキタク,7/8,C1
大阪市城東区,1353,1353,999,名詞,固有名詞,地域,一般,*,*,大阪市城東区,オオサカシジョウトウク,オーサカシジョートーク,9/10,C1
大阪市大正区,1353,1353,999,名詞,固有名詞,地域,一般,*,*,大阪市大正区,オオサカシタイショウク,オーサカシタイショーク,9/10,C1
大阪市天王寺区,1353,1353,999,名詞,固有名詞,地域,一般,*,*,大阪市天王寺区,オオサカシテンノウジク,オーサカシテンノージク,10/11,C1
大阪市平野区,1353,1353,999,名詞,固有名詞,地域,一般,*,*,大阪市平野区,オオサカシヒラノク,オーサカシヒラノク,8/9,C1
大阪市旭区,1353,1353,999,名詞,固有名詞,地域,一般,*,*,大阪市旭区,オオサカシアサヒク,オーサカシアサヒク,8/9,C1
大阪市東住吉区,1353,1353,999,名詞,固有名詞,地域,一般,*,*,大阪市東住吉区,オオサカシヒガシスミヨシク,オーサカシヒガシスミヨシク,12/13,C1
大阪市東成区,1353,1353,999,名詞,固有名詞,地域,一般,*,*,大阪市東成区,オオサカシヒガシナリク,オーサカシヒガシナリク,10/11,C1
大阪市東淀川区,1353,1353,999,名詞,固有名詞,地域,一般,*,*,大阪市東淀川区,オオサカシヒガシヨドガワク,オーサカシヒガシヨドガワク,12/13,C1
大阪市此花区,1353,1353,999,名詞,固有名詞,地域,一般,*,*,大阪市此花区,オオサカシコノハナク,オーサカシコノハナク,9/10,C1
大阪市浪速区,1353,1353,999,名詞,固有名詞,地域,一般,*,*,大阪市浪速区,オオサカシナニワク,オーサカシナニワク,8/9,C1
大阪市淀川区,1353,1353,999,名詞,固有名詞,地域,一般,*,*,大阪市淀川区,オオサカシヨドガワク,オーサカシヨドガワク,9/10,C1
大阪市港区,1353,1353,999,名詞,固有名詞,地域,一般,*,*,大阪市港区,オオサカシミナトク,オーサカシミナトク,8/9,C1
大阪市生野区,1353,1353,999,名詞,固有名詞,地域,一般,*,*,大阪市生野区,オオサカシイクノク,オーサカシイクノク,8/9,C1
大阪市福島区,1353,1353,999,名詞,固有名詞,地域,一般,*,*,大阪市福島区,オオサカシフクシマク,オーサカシフクシマク,9/10,C1
大阪市西区,1353,1353,999,名詞,固有名詞,地域,一般,*,*,大阪市西区,オオサカシニシク,オーサカシニシク,7/8,C1
大阪市西成区,1353,1353,999,名詞,固有名詞,地域,一般,*,*,大阪市西成区,オオサカシニシナリク,オーサカシニシナリク,9/10,C1
大阪市西淀川区,1353,1353,999,名詞,固有名詞,地域,一般,*,*,大阪市西淀川区,オオサカシニシヨドガワク,オーサカシニシヨドガワク,11/12,C1
大阪市都島区,1353,1353,999,名詞,固有名詞,地域,一般,*,*,大阪市都島区,オオサカシミヤコジマク,オーサカシミヤコジマク,10/11,C1
大阪市阿倍野区,1353,1353,999,名詞,固有名詞,地域,一般,*,*,大阪市阿倍野区,オオサカシアベノク,オーサカシアベノク,8/9,C1
大阪市鶴見区,1353,1353,999,名詞,固有名詞,地域,一般,*,*,大阪市鶴見区,オオサカシツルミク,オーサカシツルミク,8/9,C1
大阪狭山市,1353,1353,999,名詞,固有名詞,地域,一般,*,*,大阪狭山市,オオサカサヤマシ,オーサカサヤマシ,7/8,C1
大飯郡,1353,1353,999,名詞,固有名詞,地域,一般,*,*,大飯郡,オオイグン,オーイグン,3/5,C1
大館市,1353,1353,999,名詞,固有名詞,地域,一般,*,*,大館市,オオダテシ,オーダテシ,4/5,C1
大鰐町,1353,1353,999,名詞,固有名詞,地域,一般,*,*,大鰐町,オオワニマチ,オーワニマチ,4/6,C1
大鹿村,1353,1353,999,名詞,固有名詞,地域,一般,*,*,大鹿村,オオシカムラ,オーシカムラ,4/6,C1
天城町,1353,1353,999,名詞,固有名詞,地域,一般,*,*,天城町,アマギチョウ,アマギチョー,3/5,C1
天塩町,1353,1353,999,名詞,固有名詞,地域,一般,*,*,天塩町,テシオチョウ,テシオチョー,3/5,C1
天塩郡,1353,1353,999,名詞,固有名詞,地域,一般,*,*,天塩郡,テシオグン,テシオグン,3/5,C1
天川村,1353,1353,999,名詞,固有名詞,地域,一般,*,*,天川村,テンカワムラ,テンカワムラ,4/6,C1
天栄村,1353,1353,999,名詞,固有名詞,地域,一般,*,*,天栄村,テンエイムラ,テンエームラ,4/6,C1
天理市,1353,1353,999,名詞,固有名詞,地域,一般,*,*,天理市,テンリシ,テンリシ,3/4,C1
天童市,1353,1353,999,名詞,固有名詞,地域,一般,*,*,天童市,テンドウシ,テンドーシ,4/5,C1
天草市,1353,1353,999,名詞,固有名詞,地域,一般,*,*,天草市,アマクサシ,アマクサシ,4/5,C1
天草郡,1353,1353,999,名詞,固有名詞,地域,一般,*,*,天草郡,アマクサグン,アマクサグン,4/6,C1
天龍村,1353,1353,999,名詞,固有名詞,地域,一般,*,*,天龍村,テンリュウムラ,テンリュームラ,4/6,C1
太地町,1353,1353,999,名詞,固有名詞,地域,一般,*,*,太地町,タイジチョウ,タイジチョー,3/5,C1
太子町,1353,1353,999,名詞,固有名詞,地域,一般,*,*,太子町,タイシチョウ,タイシチョー,3/5,C1
太宰府市,1353,1353,999,名詞,固有名詞,地域,一般,*,*,太宰府市,ダザイフシ,ダザイフシ,4/5,C1
太田市,1353,1353,971,名詞,固有名詞,地域,一般,*,*,太田市,オオタシ,オータシ,3/4,C1
太良町,1353,1353,999,名詞,固有名詞,地域,一般,*,*,太良町,タラチョウ,タラチョー,2/4,C1
夷隅郡,1353,1353,999,名詞,固有名詞,地域,一般,*,*,夷隅郡,イスミグン,イスミグン,3/5,C1
奄美市,1353,1353,999,名詞,固有名詞,地域,一般,*,*,奄美市,アマミシ,アマミシ,3/4,C1
奈井江町,1353,1353,999,名詞,固有名詞,地域,一般,*,*,奈井江町,ナイエチョウ,ナイエチョー,3/5,C1
奈半利町,1353,1353,999,名詞,固有名詞,地域,一般,*,*,奈半利町,ナハリチョウ,ナハリチョー,3/5,C1
奈義町,1353,1353,999,名詞,固有名詞,地域,一般,*,*,奈義町,ナギチョウ,ナギチョー,2/4,C1
奈良市,1353,1353,999,名詞,固有名詞,地域,一般,*,*,奈良市,ナラシ,ナラシ,2/3,C1
奥出雲町,1353,1353,999,名詞,固有名詞,地域,一般,*,*,奥出雲町,オクイズモチョウ,オクイズモチョー,5/7,C1
奥多摩町,1353,1353,999,名詞,固有名詞,地域,一般,*,*,奥多摩町,オクタママチ,オクタママチ,4/6,C1
奥尻町,1353,1353,999,名詞,固有名詞,地域,一般,*,*,奥尻町,オクシリチョウ,オクシリチョー,4/6,C1
奥尻郡,1353,1353,999,名詞,固有名詞,地域,一般,*,*,奥尻郡,オクシリグン,オクシリグン,4/6,C1
奥州市,1353,1353,999,名詞,固有名詞,地域,一般,*,*,奥州市,オウシュウシ,オーシューシ,4/5,C1
女川町,1353,1353,999,名詞,固有名詞,地域,一般,*,*,女川町,オナガワチョウ,オナガワチョー,4/6,C1
妙高市,1353,1353,999,名詞,固有名詞,地域,一般,*,*,妙高市,ミョウコウシ,ミョーコーシ,4/5,C1
妹背牛町,1353,1353,999,名詞,固有名詞,地域,一般,*,*,妹背牛町,モセウシチョウ,モセウシチョー,4/6,C1
姫島村,1353,1353,999,名詞,固有名詞,地域,一般,*,*,姫島村,ヒメシマムラ,ヒメシマムラ,4/6,C1
姫路市,1353,1353,999,名詞,固有名詞,地域,一般,*,*,姫路市,ヒメジシ,ヒメジシ,3/4,C1
姶良市,1353,1353,999,名詞,固有名詞,地域,一般,*,*,姶良市,アイラシ,アイラシ,3/4,C1
姶良郡,1353,1353,999,名詞,固有名詞,地域,一般,*,*,姶良郡,アイラグン,アイラグン,3/5,C1
嬉野市,1353,1353,999,名詞,固有名詞,地域,一般,*,*,嬉野市,ウレシノシ,ウレシノシ,4/5,C1
嬬恋村,1353,1353,999,名詞,固有名詞,地域,一般,*,*,嬬恋村,ツマゴイムラ,ツマゴイムラ,4/6,C1
宇佐市,1353,1353,999,名詞,固有名詞,地域,一般,*,*,宇佐市,ウサシ,ウサシ,2/3,C1
宇和島市,1353,1353,999,名詞,固有名詞,地域,一般,*,*,宇和島市,ウワジマシ,ウワジマシ,4/5,C1
宇土市,1353,1353,999,名詞,固有名詞,地域,一般,*,*,宇土市,ウトシ,ウトシ,2/3,C1
宇城市,1353,1353,999,名詞,固有名詞,地域,一般,*,*,宇城市,ウキシ,ウキシ,2/3,C1
宇多津町,1353,1353,999,名詞,固有名詞,地域,一般,*,*,宇多津町,ウタヅチョウ,ウタヅチョー,3/5,C1
宇検村,1353,1353,999,名詞,固有名詞,地域,一般,*,*,宇検村,ウケンソン,ウケンソン,3/5,C1
宇治市,1353,1353,999,名詞,固有名詞,地域,一般,*,*,宇治市,ウジシ,ウジシ,2/3,C1
宇治田原町,1353,1353,999,名詞,固有名詞,地域,一般,*,*,宇治田原町,ウジタワラチョウ,ウジタワラチョー,5/7,C1
宇美町,1353,1353,999,名詞,固有名詞,地域,一般,*,*,宇美町,ウミマチ,ウミマチ,2/4,C1
宇部市,1353,1353,999,名詞,固有名詞,地域,一般,*,*,宇部市,ウベシ,ウベシ,2/3,C1
宇都宮市,1353,1353,999,名詞,固有名詞,地域,一般,*,*,宇都宮市,ウツノミヤシ,ウツノミヤシ,5/6,C1
宇陀市,1353,1353,999,名詞,固有名詞,地域,一般,*,*,宇陀市,ウダシ,ウダシ,2/3,C1
宇陀郡,1353,1353,999,名詞,固有名詞,地域,一般,*,*,宇陀郡,ウダグン,ウダグン,2/4,C1
守口市,1353,1353,999,名詞,固有名詞,地域,一般,*,*,守口市,モリグチシ,モリグチシ,4/5,C1
守山市,1353,1353,999,名詞,固有名詞,地域,一般,*,*,守山市,モリヤマシ,モリヤマシ,4/5,C1
守谷市,1353,1353,999,名詞,固有名詞,地域,一般,*,*,守谷市,モリヤシ,モリヤシ,3/4,C1
安中市,1353,1353,999,名詞,固有名詞,地域,一般,*,*,安中市,アンナカシ,アンナカシ,4/5,C1
安八町,1353,1353,999,名詞,固有名詞,地域,一般,*,*,安八町,アンパチチョウ,アンパチチョー,4/6,C1
安八郡,1353,1353,999,名詞,固有名詞,地域,一般,*,*,安八郡,アンパチグン,アンパチグン,4/6,C1
安城市,1353,1353,999,名詞,固有名詞,地域,一般,*,*,安城市,アンジョウシ,アンジョーシ,4/5,C1
安堵町,1353,1353,999,名詞,固有名詞,地域,一般,*,*,安堵町,アンドチョウ,アンドチョー,3/5,C1
安平町,1353,1353,999,名詞,固有名詞,地域,一般,*,*,安平町,アビラチョウ,アビラチョー,3/5,C1
安房郡,1353,1353,999,名詞,固有名詞,地域,一般,*,*,安房郡,アワグン,アワグン,2/4,C1
安曇野市,1353,1353,999,名詞,固有名詞,地域,一般,*,*,安曇野市,アヅミノシ,アヅミノシ,4/5,C1
安来市,1353,1353,999,名詞,固有名詞,地域,一般,*,*,安来市,ヤスギシ,ヤスギシ,3/4,C1
安田町,1353,1353,999,名詞,固有名詞,地域,一般,*,*,安田町,ヤスダチョウ,ヤスダチョー,3/5,C1
安芸太田町,1353,1353,999,名詞,固有名詞,地域,一般,*,*,安芸太田町,アキオオタチョウ,アキオータチョー,5/7,C1
安芸市,1353,1353,999,名詞,固有名詞,地域,一般,*,*,安芸市,アキシ,アキシ,2/3,C1
安芸郡,1353,1353,999,名詞,固有名詞,地域,一般,*,*,安芸郡,アキグン,アキグン,2/4,C1
安芸高田市,1353,1353,999,名詞,固有名詞,地域,一般,*,*,安芸高田市,アキタカタシ,アキタカタシ,5/6,C1
安達郡,1353,1353,999,名詞,固有名詞,地域,一般,*,*,安達郡,アダチグン,アダチグン,3/5,C1
宍粟市,1353,1353,999,名詞,固有名詞,地域,一般,*,*,宍粟市,シソウシ,シソーシ,3/4,C1
宗像市,1353,1353,999,名詞,固有名詞,地域,一般,*,*,宗像市,ムナカタシ,ムナカタシ,4/5,C1
宗谷郡,1353,1353,999,名詞,固有名詞,地域,一般,*,*,宗谷郡,ソウヤグン,ソーヤグン,3/5,C1
宜野座村,1353,1353,999,名詞,固有名詞,地域,一般,*,*,宜野座村,ギノザソン,ギノザソン,3/5,C1
宜野湾市,1353,1353,999,名詞,固有名詞,地域,一般,*,*,宜野湾市,ギノワンシ,ギノワンシ,4/5,C1
宝塚市,1353,1353,999,名詞,固有名詞,地域,一般,*,*,宝塚市,タカラヅカシ,タカラヅカシ,5/6,C1
宝達志水町,1353,1353,999,名詞,固有名詞,地域,一般,*,*,宝達志水町,ホウダツシミズチョウ,ホーダツシミズチョー,7/9,C1
室戸市,1353,1353,999,名詞,固有名詞,地域,一般,*,*,室戸市,ムロトシ,ムロトシ,3/4,C1
室蘭市,1353,1353,999,名詞,固有名詞,地域,一般,*,*,室蘭市,ムロランシ,ムロランシ,4/5,C1
宮代町,1353,1353,999,名詞,固有名詞,地域,一般,*,*,宮代町,ミヤシロマチ,ミヤシロマチ,4/6,C1
宮古島市,1353,1353,999,名詞,固有名詞,地域,一般,*,*,宮古島市,ミヤコジマシ,ミヤコジマシ,5/6,C1
宮古市,1353,1353,999,名詞,固有名詞,地域,一般,*,*,宮古市,ミヤコシ,ミヤコシ,3/4,C1
宮古郡,1353,1353,999,名詞,固有名詞,地域,一般,*,*,宮古郡,ミヤコグン,ミヤコグン,3/5,C1
宮城郡,1353,1353,999,名詞,固有名詞,地域,一般,*,*,宮城郡,ミヤギグン,ミヤギグン,3/5,C1
宮崎市,1353,1353,999,名詞,固有名詞,地域,一般,*,*,宮崎市,ミヤザキシ,ミヤザキシ,4/5,C1
宮津市,1353,1353,999,名詞,固有名詞,地域,一般,*,*,宮津市,ミヤヅシ,ミヤヅシ,3/4,C1
宮田村,1353,1353,999,名詞,固有名詞,地域,一般,*,*,宮田村,ミヤダムラ,ミヤダムラ,3/5,C1
宮若市,1353,1353,999,名詞,固有名詞,地域,一般,*,*,宮若市,ミヤワカシ,ミヤワカシ,4/5,C1
宿毛市,1353,1353,999,名詞,固有名詞,地域,一般,*,*,宿毛市,スクモシ,スクモシ,3/4,C1
寄居町,1353,1353,999,名詞,固有名詞,地域,一般,*,*,寄居町,ヨリイマチ,ヨリイマチ,3/5,C1
富加町,1353,1353,999,名詞,固有名詞,地域,一般,*,*,富加町,トミカチョウ,トミカチョー,3/5,C1
富士吉田市,1353,1353,999,名詞,固有名詞,地域,一般,*,*,富士吉田市,フジヨシダシ,フジヨシダシ,5/6,C1
富士宮市,1353,1353,999,名詞,固有名詞,地域,一般,*,*,富士宮市,フジノミヤシ,フジノミヤシ,5/6,C1
富士川町,1353,1353,999,名詞,固有名詞,地域,一般,*,*,富士川町,フジカワチョウ,フジカワチョー,4/6,C1
富士市,1353,1353,999,名詞,固有名詞,地域,一般,*,*,富士市,フジシ,フジシ,2/3,C1
富士河口湖町,1353,1353,999,名詞,固有名詞,地域,一般,*,*,富士河口湖町,フジカワグチコマチ,フジカワグチコマチ,7/9,C1
富士見市,1353,1353,999,名詞,固有名詞,地域,一般,*,*,富士見市,フジミシ,フジミシ,3/4,C1
富士見町,1353,1353,999,名詞,固有名詞,地域,一般,*,*,富士見町,フジミマチ,フジミマチ,3/5,C1
富山市,1353,1353,999,名詞,固有名詞,地域,一般,*,*,富山市,トヤマシ,トヤマシ,3/4,C1
富岡市,1353,1353,999,名詞,固有名詞,地域,一般,*,*,富岡市,トミオカシ,トミオカシ,4/5,C1
富岡町,1353,1353,999,名詞,固有名詞,地域,一般,*,*,富岡町,トミオカマチ,トミオカマチ,4/6,C1
富津市,1353,1353,999,名詞,固有名詞,地域,一般,*,*,富津市,フッツシ,フッツシ,3/4,C1
富田林市,1353,1353,999,名詞,固有名詞,地域,一般,*,*,富田林市,トンダバヤシシ,トンダバヤシシ,6/7,C1
富良野市,1353,1353,999,名詞,固有名詞,地域,一般,*,*,富良野市,フラノシ,フラノシ,3/4,C1
富谷市,1353,1353,999,名詞,固有名詞,地域,一般,*,*,富谷市,トミヤシ,トミヤシ,3/4,C1
富里市,1353,1353,999,名詞,固有名詞,地域,一般,*,*,富里市,トミサトシ,トミサトシ,4/5,C1
寒川町,1353,1353,999,名詞,固有名詞,地域,一般,*,*,寒川町,サムカワマチ,サムカワマチ,4/6,C1
寒河江市,1353,1353,999,名詞,固有名詞,地域,一般,*,*,寒河江市,サガエシ,サガエシ,3/4,C1
寝屋川市,1353,1353,999,名詞,固有名詞,地域,一般,*,*,寝屋川市,ネヤガワシ,ネヤガワシ,4/5,C1
対馬市,1353,1353,999,名詞,固有名詞,地域,一般,*,*,対馬市,ツシマシ,ツシマシ,3/4,C1
寿都町,1353,1353,999,名詞,固有名詞,地域,一般,*,*,寿都町,スッツチョウ,スッツチョー,3/5,C1
寿都郡,1353,1353,999,名詞,固有名詞,地域,一般,*,*,寿都郡,スッツグン,スッツグン,3/5,C1
射水市,1353,1353,999,名詞,固有名詞,地域,一般,*,*,射水市,イミズシ,イミズシ,3/4,C1
小値賀町,1353,1353,999,名詞,固有名詞,地域,一般,*,*,小値賀町,オヂカチョウ,オヂカチョー,3/5,C1
小千谷市,1353,1353,999,名詞,固有名詞,地域,一般,*,*,小千谷市,オヂヤシ,オヂヤシ,3/4,C1
小国町,1353,1353,999,名詞,固有名詞,地域,一般,*,*,小国町,オグニマチ,オグニマチ,3/5,C1
小坂町,1353,1353,999,名詞,固有名詞,地域,一般,*,*,小坂町,コサカマチ,コサカマチ,3/5,C1
小城市,1353,1353,999,名詞,固有名詞,地域,一般,*,*,小城市,オギシ,オギシ,2/3,C1
小山市,1353,1353,999,名詞,固有名詞,地域,一般,*,*,小山市,オヤマシ,オヤマシ,3/4,C1
小山町,1353,1353,999,名詞,固有名詞,地域,一般,*,*,小山町,オヤマチョウ,オヤマチョー,3/5,C1
小川村,1353,1353,999,名詞,固有名詞,地域,一般,*,*,小川村,オガワムラ,オガワムラ,3/5,C1
小川町,1353,1353,999,名詞,固有名詞,地域,一般,*,*,小川町,オガワマチ,オガワマチ,3/5,C1
小布施町,1353,1353,999,名詞,固有名詞,地域,一般,*,*,小布施町,オブセマチ,オブセマチ,3/5,C1
小平市,1353,1353,999,名詞,固有名詞,地域,一般,*,*,小平市,コダイラシ,コダイラシ,4/5,C1
小平町,1353,1353,999,名詞,固有名詞,地域,一般,*,*,小平町,オビラチョウ,オビラチョー,3/5,C1
小松島市,1353,1353,999,名詞,固有名詞,地域,一般,*,*,小松島市,コマツシマシ,コマツシマシ,5/6,C1
小松市,1353,1353,999,名詞,固有名詞,地域,一般,*,*,小松市,コマツシ,コマツシ,3/4,C1
小林市,1353,1353,999,名詞,固有名詞,地域,一般,*,*,小林市,コバヤシシ,コバヤシシ,4/5,C1
小樽市,1353,1353,999,名詞,固有名詞,地域,一般,*,*,小樽市,オタルシ,オタルシ,3/4,C1
小浜市,1353,1353,999,名詞,固有名詞,地域,一般,*,*,小浜市,オバマシ,オバマシ,3/4,C1
小海町,1353,1353,999,名詞,固有名詞,地域,一般,*,*,小海町,コウミマチ,コーミマチ,3/5,C1
小清水町,1353,1353,999,名詞,固有名詞,地域,一般,*,*,小清水町,コシミズチョウ,コシミズチョー,4/6,C1
小牧市,1353,1353,999,名詞,固有名詞,地域,一般,*,*,小牧市,コマキシ,コマキシ,3/4,C1
小田原市,1353,1353,999,名詞,固有名詞,地域,一般,*,*,小田原市,オダワラシ,オダワラシ,4/5,C1
小田郡,1353,1353,999,名詞,固有名詞,地域,一般,*,*,小田郡,オダグン,オダグン,2/4,C1
小県郡,1353,1353,999,名詞,固有名詞,地域,一般,*,*,小県郡,チイサガタグン,チイサガタグン,5/7,C1
小矢部市,1353,1353,999,名詞,固有名詞,地域,一般,*,*,小矢部市,オヤベシ,オヤベシ,3/4,C1
小竹町,1353,1353,999,名詞,固有名詞,地域,一般,*,*,小竹町,コタケマチ,コタケマチ,3/5,C1
小笠原村,1353,1353,999,名詞,固有名詞,地域,一般,*,*,小笠原村,オガサワラムラ,オガサワラムラ,5/7,C1
小美玉市,1353,1353,999,名詞,固有名詞,地域,一般,*,*,小美玉市,オミタマシ,オミタマシ,4/5,C1
小菅村,1353,1353,999,名詞,固有名詞,地域,一般,*,*,小菅村,コスゲムラ,コスゲムラ,3/5,C1
小諸市,1353,1353,999,名詞,固有名詞,地域,一般,*,*,小諸市,コモロシ,コモロシ,3/4,C1
小谷村,1353,1353,999,名詞,固有名詞,地域,一般,*,*,小谷村,オタリムラ,オタリムラ,3/5,C1
小豆島町,1353,1353,999,名詞,固有名詞,地域,一般,*,*,小豆島町,ショウドシマチョウ,ショードシマチョー,5/7,C1
小豆郡,1353,1353,999,名詞,固有名詞,地域,一般,*,*,小豆郡,ショウズグン,ショーズグン,3/5,C1
小郡市,1353,1353,999,名詞,固有名詞,地域,一般,*,*,小郡市,オゴオリシ,オゴーリシ,4/5,C1
小野市,1353,1353,999,名詞,固有名詞,地域,一般,*,*,小野市,オノシ,オノシ,2/3,C1
小野町,1353,1353,999,名詞,固有名詞,地域,一般,*,*,小野町,オノマチ,オノマチ,2/4,C1
小金井市,1353,1353,999,名詞,固有名詞,地域,一般,*,*,小金井市,コガネイシ,コガネーシ,4/5,C1
小鹿野町,1353,1353,999,名詞,固有名詞,地域,一般,*,*,小鹿野町,オガノマチ,オガノマチ,3/5,C1
尼崎市,1353,1353,999,名詞,固有名詞,地域,一般,*,*,尼崎市,アマガサキシ,アマガサキシ,5/6,C1
尾張旭市,1353,1353,999,名詞,固有名詞,地域,一般,*,*,尾張旭市,オワリアサヒシ,オワリアサヒシ,6/7,C1
尾花沢市,1353,1353,999,名詞,固有名詞,地域,一般,*,*,尾花沢市,オバナザワシ,オバナザワシ,5/6,C1
尾道市,1353,1353,999,名詞,固有名詞,地域,一般,*,*,尾道市,オノミチシ,オノミチシ,4/5,C1
尾鷲市,1353,1353,999,名詞,固有名詞,地域,一般,*,*,尾鷲市,オワセシ,オワセシ,3/4,C1
屋久島町,1353,1353,999,名詞,固有名詞,地域,一般,*,*,屋久島町,ヤクシマチョウ,ヤクシマチョー,4/6,C1
山ノ内町,1353,1353,999,名詞,固有名詞,地域,一般,*,*,山ノ内町,ヤマノウチマチ,ヤマノーチマチ,5/7,C1
山中湖村,1353,1353,999,名詞,固有名詞,地域,一般,*,*,山中湖村,ヤマナカコムラ,ヤマナカコムラ,5/7,C1
山元町,1353,1353,999,名詞,固有名詞,地域,一般,*,*,山元町,ヤマモトチョウ,ヤマモトチョー,4/6,C1
山北町,1353,1353,999,名詞,固有名詞,地域,一般,*,*,山北町,ヤマキタマチ,ヤマキタマチ,4/6,C1
山口市,1353,1353,999,名詞,固有名詞,地域,一般,*,*,山口市,ヤマグチシ,ヤマグチシ,4/5,C1
山形市,1353,1353,999,名詞,固有名詞,地域,一般,*,*,山形市,ヤマガタシ,ヤマガタシ,4/5,C1
山形村,1353,1353,999,名詞,固有名詞,地域,一般,*,*,山形村,ヤマガタムラ,ヤマガタムラ,4/6,C1
山本郡,1353,1353,999,名詞,固有名詞,地域,一般,*,*,山本郡,ヤマモトグン,ヤマモトグン,4/6,C1
山梨市,1353,1353,999,名詞,固有名詞,地域,一般,*,*,山梨市,ヤマナシシ,ヤマナシシ,4/5,C1
山武市,1353,1353,999,名詞,固有名詞,地域,一般,*,*,山武市,サンムシ,サンムシ,3/4,C1
山武郡,1353,1353,999,名詞,固有名詞,地域,一般,*,*,山武郡,サンブグン,サンブグン,3/5,C1
山江村,1353,1353,999,名詞,固有名詞,地域,一般,*,*,山江村,ヤマエムラ,ヤマエムラ,3/5,C1
山添村,1353,1353,999,名詞,固有名詞,地域,一般,*,*,山添村,ヤマゾエムラ,ヤマゾエムラ,4/6,C1
山田町,1353,1353,999,名詞,固有名詞,地域,一般,*,*,山田町,ヤマダマチ,ヤマダマチ,3/5,C1
山県市,1353,1353,999,名詞,固有名詞,地域,一般,*,*,山県市,ヤマガタシ,ヤマガタシ,4/5,C1
山県郡,1353,1353,999,名詞,固有名詞,地域,一般,*,*,山県郡,ヤマガタグン,ヤマガタグン,4/6,C1
山越郡,1353,1353,999,名詞,固有名詞,地域,一般,*,*,山越郡,ヤマコシグン,ヤマコシグン,4/6,C1
山辺町,1353,1353,999,名詞,固有名詞,地域,一般,*,*,山辺町,ヤマノベマチ,ヤマノベマチ,4/6,C1
山辺郡,1353,1353,999,名詞,固有名詞,地域,一般,*,*,山辺郡,ヤマベグン,ヤマベグン,3/5,C1
山都町,1353,1353,999,名詞,固有名詞,地域,一般,*,*,山都町,ヤマトチョウ,ヤマトチョー,3/5,C1
山陽小野田市,1353,1353,999,名詞,固有名詞,地域,一般,*,*,山陽小野田市,サンヨウオノダシ,サンヨーオノダシ,7/8,C1
山鹿市,1353,1353,999,名詞,固有名詞,地域,一般,*,*,山鹿市,ヤマガシ,ヤマガシ,3/4,C1
岐南町,1353,1353,999,名詞,固有名詞,地域,一般,*,*,岐南町,ギナンチョウ,ギナンチョー,3/5,C1
岐阜市,1353,1353,999,名詞,固有名詞,地域,一般,*,*,岐阜市,ギフシ,ギフシ,2/3,C1
岡垣町,1353,1353,999,名詞,固有名詞,地域,一般,*,*,岡垣町,オカガキマチ,オカガキマチ,4/6,C1
岡山市中区,1353,1353,999,名詞,固有名詞,地域,一般,*,*,岡山市中区,オカヤマシナカク,オカヤマシナカク,7/8,C1
岡山市北区,1353,1353,999,名詞,固有名詞,地域,一般,*,*,岡山市北区,オカヤマシキタク,オカヤマシキタク,7/8,C1
岡山市南区,1353,1353,999,名詞,固有名詞,地域,一般,*,*,岡山市南区,オカヤマシミナミク,オカヤマシミナミク,8/9,C1
岡山市東区,1353,1353,999,名詞,固有名詞,地域,一般,*,*,岡山市東区,オカヤマシヒガシク,オカヤマシヒガシク,8/9,C1
岡崎市,1353,1353,999,名詞,固有名詞,地域,一般,*,*,岡崎市,オカザキシ,オカザキシ,4/5,C1
岡谷市,1353,1353,999,名詞,固有名詞,地域,一般,*,*,岡谷市,オカヤシ,オカヤシ,3/4,C1
岩倉市,1353,1353,999,名詞,固有名詞,地域,一般,*,*,岩倉市,イワクラシ,イワクラシ,4/5,C1
岩内町,1353,1353,999,名詞,固有名詞,地域,一般,*,*,岩内町,イワナイチョウ,イワナイチョー,4/6,C1
岩内郡,1353,1353,999,名詞,固有名詞,地域,一般,*,*,岩内郡,イワナイグン,イワナイグン,4/6,C1
岩出市,1353,1353,999,名詞,固有名詞,地域,一般,*,*,岩出市,イワデシ,イワデシ,3/4,C1
岩国市,1353,1353,999,名詞,固有名詞,地域,一般,*,*,岩国市,イワクニシ,イワクニシ,4/5,C1
岩手町,1353,1353,999,名詞,固有名詞,地域,一般,*,*,岩手町,イワテマチ,イワテマチ,3/5,C1
岩手郡,1353,1353,999,名詞,固有名詞,地域,一般,*,*,岩手郡,イワテグン,イワテグン,3/5,C1
岩沼市,1353,1353,999,名詞,固有名詞,地域,一般,*,*,岩沼市,イワヌマシ,イワヌマシ,4/5,C1
岩泉町,1353,1353,999,名詞,固有名詞,地域,一般,*,*,岩泉町,イワイズミチョウ,イワイズミチョー,5/7,C1
岩瀬郡,1353,1353,999,名詞,固有名詞,地域,一般,*,*,岩瀬郡,イワセグン,イワセグン,3/5,C1
岩美町,1353,1353,999,名詞,固有名詞,地域,一般,*,*,岩美町,イワミチョウ,イワミチョー,3/5,C1
岩美郡,1353,1353,999,名詞,固有名詞,地域,一般,*,*,岩美郡,イワミグン,イワミグン,3/5,C1
岩船郡,1353,1353,999,名詞,固有名詞,地域,一般,*,*,岩船郡,イワフネグン,イワフネグン,4/6,C1
岩見沢市,1353,1353,999,名詞,固有名詞,地域,一般,*,*,岩見沢市,イワミザワシ,イワミザワシ,5/6,C1
岬町,1353,1353,999,名詞,固有名詞,地域,一般,*,*,岬町,ミサキチョウ,ミサキチョー,3/5,C1
岸和田市,1353,1353,999,名詞,固有名詞,地域,一般,*,*,岸和田市,キシワダシ,キシワダシ,4/5,C1
島原市,1353,1353,999,名詞,固有名詞,地域,一般,*,*,島原市,シマバラシ,シマバラシ,4/5,C1
島尻郡,1353,1353,999,名詞,固有名詞,地域,一般,*,*,島尻郡,シマジリグン,シマジリグン,4/6,C1
島本町,1353,1353,999,名詞,固有名詞,地域,一般,*,*,島本町,シマモトチョウ,シマモトチョー,4/6,C1
島牧村,1353,1353,999,名詞,固有名詞,地域,一般,*,*,島牧村,シママキムラ,シママキムラ,4/6,C1
島牧郡,1353,1353,999,名詞,固有名詞,地域,一般,*,*,島牧郡,シママキグン,シママキグン,4/6,C1
島田市,1353,1353,999,名詞,固有名詞,地域,一般,*,*,島田市,シマダシ,シマダシ,3/4,C1
嵐山町,1353,1353,999,名詞,固有名詞,地域,一般,*,*,嵐山町,ランザンマチ,ランザンマチ,4/6,C1
川上村,1353,1353,999,名詞,固有名詞,地域,一般,*,*,川上村,カワカミムラ,カワカミムラ,4/6,C1
川上郡,1353,1353,999,名詞,固有名詞,地域,一般,*,*,川上郡,カワカミグン,カワカミグン,4/6,C1
川俣町,1353,1353,999,名詞,固有名詞,地域,一般,*,*,川俣町,カワマタマチ,カワマタマチ,4/6,C1
川内村,1353,1353,999,名詞,固有名詞,地域,一般,*,*,川内村,カワウチムラ,カワウチムラ,4/6,C1
川北町,1353,1353,999,名詞,固有名詞,地域,一般,*,*,川北町,カワキタマチ,カワキタマチ,4/6,C1
川南町,1353,1353,999,名詞,固有名詞,地域,一般,*,*,川南町,カワミナミチョウ,カワミナミチョー,5/7,C1
川口市,1353,1353,999,名詞,固有名詞,地域,一般,*,*,川口市,カワグチシ,カワグチシ,4/5,C1
川場村,1353,1353,999,名詞,固有名詞,地域,一般,*,*,川場村,カワバムラ,カワバムラ,3/5,C1
川島町,1353,1353,999,名詞,固有名詞,地域,一般,*,*,川島町,カワジママチ,カワジママチ,4/6,C1
川崎市中原区,1353,1353,999,名詞,固有名詞,地域,一般,*,*,川崎市中原区,カワサキシナカハラク,カワサキシナカハラク,9/10,C1
川崎市多摩区,1353,1353,999,名詞,固有名詞,地域,一般,*,*,川崎市多摩区,カワサキシタマク,カワサキシタマク,7/8,C1
川崎市宮前区,1353,1353,999,名詞,固有名詞,地域,一般,*,*,川崎市宮前区,カワサキシミヤマエク,カワサキシミヤマエク,9/10,C1
川崎市川崎区,1353,1353,999,名詞,固有名詞,地域,一般,*,*,川崎市川崎区,カワサキシカワサキク,カワサキシカワサキク,9/10,C1
川崎市幸区,1353,1353,999,名詞,固有名詞,地域,一般,*,*,川崎市幸区,カワサキシサイワイク,カワサキシサイワイク,9/10,C1
川崎市高津区,1353,1353,999,名詞,固有名詞,地域,一般,*,*,川崎市高津区,カワサキシタカツク,カワサキシタカツク,8/9,C1
川崎市麻生区,1353,1353,999,名詞,固有名詞,地域,一般,*,*,川崎市麻生区,カワサキシアサオク,カワサキシアサオク,8/9,C1
川崎町,1353,1353,999,名詞,固有名詞,地域,一般,*,*,川崎町,カワサキマチ,カワサキマチ,4/6,C1
川本町,1353,1353,999,名詞,固有名詞,地域,一般,*,*,川本町,カワモトマチ,カワモトマチ,4/6,C1
川根本町,1353,1353,999,名詞,固有名詞,地域,一般,*,*,川根本町,カワネホンチョウ,カワネホンチョー,5/7,C1
川棚町,1353,1353,999,名詞,固有名詞,地域,一般,*,*,川棚町,カワタナチョウ,カワタナチョー,4/6,C1
川西市,1353,1353,999,名詞,固有名詞,地域,一般,*,*,川西市,カワニシシ,カワニシシ,4/5,C1
川越市,1353,1353,999,名詞,固有名詞,地域,一般,*,*,川越市,カワゴエシ,カワゴエシ,4/5,C1
川越町,1353,1353,999,名詞,固有名詞,地域,一般,*,*,川越町,カワゴエチョウ,カワゴエチョー,4/6,C1
川辺町,1353,1353,999,名詞,固有名詞,地域,一般,*,*,川辺町,カワベチョウ,カワベチョー,3/5,C1
川辺郡,1353,1353,999,名詞,固有名詞,地域,一般,*,*,川辺郡,カワベグン,カワベグン,3/5,C1
市原市,1353,1353,999,名詞,固有名詞,地域,一般,*,*,市原市,イチハラシ,イチハラシ,4/5,C1
市川三郷町,1353,1353,999,名詞,固有名詞,地域,一般,*,*,市川三郷町,イチカワミサトチョウ,イチカワミサトチョー,7/9,C1
市川市,1353,1353,999,名詞,固有名詞,地域,一般,*,*,市川市,イチカワシ,イチカワシ,4/5,C1
市川町,1353,1353,999,名詞,固有名詞,地域,一般,*,*,市川町,イチカワチョウ,イチカワチョー,4/6,C1
市貝町,1353,1353,999,名詞,固有名詞,地域,一般,*,*,市貝町,イチカイマチ,イチカイマチ,4/6,C1
帯広市,1353,1353,999,名詞,固有名詞,地域,一般,*,*,帯広市,オビヒロシ,オビヒロシ,4/5,C1
常呂郡,1353,1353,999,名詞,固有名詞,地域,一般,*,*,常呂郡,トコログン,トコログン,3/5,C1
常滑市,1353,1353,999,名詞,固有名詞,地域,一般,*,*,常滑市,トコナメシ,トコナメシ,4/5,C1
常総市,1353,1353,999,名詞,固有名詞,地域,一般,*,*,常総市,ジョウソウシ,ジョーソーシ,4/5,C1
常陸大宮市,1353,1353,999,名詞,固有名詞,地域,一般,*,*,常陸大宮市,ヒタチオオミヤシ,ヒタチオーミヤシ,7/8,C1
常陸太田市,1353,1353,999,名詞,固有名詞,地域,一般,*,*,常陸太田市,ヒタチオオタシ,ヒタチオータシ,6/7,C1
幌加内町,1353,1353,999,名詞,固有名詞,地域,一般,*,*,幌加内町,ホロカナイチョウ,ホロカナイチョー,5/7,C1
幌延町,1353,1353,999,名詞,固有名詞,地域,一般,*,*,幌延町,ホロノベチョウ,ホロノベチョー,4/6,C1
幌泉郡,1353,1353,999,名詞,固有名詞,地域,一般,*,*,幌泉郡,ホロイズミグン,ホロイズミグン,5/7,C1
幕別町,1353,1353,999,名詞,固有名詞,地域,一般,*,*,幕別町,マクベツチョウ,マクベツチョー,4/6,C1
幡多郡,1353,1353,999,名詞,固有名詞,地域,一般,*,*,幡多郡,ハタグン,ハタグン,2/4,C1
平内町,1353,1353,999,名詞,固有名詞,地域,一般,*,*,平内町,ヒラナイマチ,ヒラナイマチ,4/6,C1
平取町,1353,1353,999,名詞,固有名詞,地域,一般,*,*,平取町,ビラトリチョウ,ビラトリチョー,4/6,C1
平塚市,1353,1353,999,名詞,固有名詞,地域,一般,*,*,平塚市,ヒラツカシ,ヒラツカシ,4/5,C1
平川市,1353,1353,999,名詞,固有名詞,地域,一般,*,*,平川市,ヒラカワシ,ヒラカワシ,4/5,C1
平戸市,1353,1353,999,名詞,固有名詞,地域,一般,*,*,平戸市,ヒラドシ,ヒラドシ,3/4,C1
平泉町,1353,1353,999,名詞,固有名詞,地域,一般,*,*,平泉町,ヒライズミチョウ,ヒライズミチョー,5/7,C1
平生町,1353,1353,999,名詞,固有名詞,地域,一般,*,*,平生町,ヒラオチョウ,ヒラオチョー,3/5,C1
平田村,1353,1353,999,名詞,固有名詞,地域,一般,*,*,平田村,ヒラタムラ,ヒラタムラ,3/5,C1
平群町,1353,1353,999,名詞,固有名詞,地域,一般,*,*,平群町,ヘグリチョウ,ヘグリチョー,3/5,C1
平谷村,1353,1353,999,名詞,固有名詞,地域,一般,*,*,平谷村,ヒラヤムラ,ヒラヤムラ,3/5,C1
幸手市,1353,1353,999,名詞,固有名詞,地域,一般,*,*,幸手市,サッテシ,サッテシ,3/4,C1
幸田町,1353,1353,999,名詞,固有名詞,地域,一般,*,*,幸田町,コウタチョウ,コータチョー,3/5,C1
広尾町,1353,1353,999,名詞,固有名詞,地域,一般,*,*,広尾町,ヒロオチョウ,ヒローチョー,3/5,C1
広尾郡,1353,1353,999,名詞,固有名詞,地域,一般,*,*,広尾郡,ヒロオグン,ヒローグン,3/5,C1
広島市中区,1353,1353,999,名詞,固有名詞,地域,一般,*,*,広島市中区,ヒロシマシナカク,ヒロシマシナカク,7/8,C1
広島市佐伯区,1353,1353,999,名詞,固有名詞,地域,一般,*,*,広島市佐伯区,ヒロシマシサエキク,ヒロシマシサエキク,8/9,C1
広島市南区,1353,1353,999,名詞,固有名詞,地域,一般,*,*,広島市南区,ヒロシマシミナミク,ヒロシマシミナミク,8/9,C1
広島市安佐北区,1353,1353,999,名詞,固有名詞,地域,一般,*,*,広島市安佐北区,ヒロシマシアサキタク,ヒロシマシアサキタク,9/10,C1
広島市安佐南区,1353,1353,999,名詞,固有名詞,地域,一般,*,*,広島市安佐南区,ヒロシマシアサミナミク,ヒロシマシアサミナミク,10/11,C1
広島市安芸区,1353,1353,999,名詞,固有名詞,地域,一般,*,*,広島市安芸区,ヒロシマシアキク,ヒロシマシアキク,7/8,C1
広島市東区,1353,1353,999,名詞,固有名詞,地域,一般,*,*,広島市東区,ヒロシマシヒガシク,ヒロシマシヒガシク,8/9,C1
広島市西区,1353,1353,999,名詞,固有名詞,地域,一般,*,*,広島市西区,ヒロシマシニシク,ヒロシマシニシク,7/8,C1
広野町,1353,1353,999,名詞,固有名詞,地域,一般,*,*,広野町,ヒロノマチ,ヒロノマチ,3/5,C1
広陵町,1353,1353,999,名詞,固有名詞,地域,一般,*,*,広陵町,コウリョウチョウ,コーリョーチョー,4/6,C1
庄内町,1353,1353,999,名詞,固有名詞,地域,一般,*,*,庄内町,ショウナイマチ,ショーナイマチ,4/6,C1
庄原市,1353,1353,999,名詞,固有名詞,地域,一般,*,*,庄原市,ショウバラシ,ショーバラシ,4/5,C1
府中市,1353,1353,999,名詞,固有名詞,地域,一般,*,*,府中市,フチュウシ,フチューシ,3/4,C1
府中町,1353,1353,999,名詞,固有名詞,地域,一般,*,*,府中町,フチュウチョウ,フチューチョー,3/5,C1
度会町,1353,1353,999,名詞,固有名詞,地域,一般,*,*,度会町,ワタライチョウ,ワタライチョー,4/6,C1
度会郡,1353,1353,999,名詞,固有名詞,地域,一般,*,*,度会郡,ワタライグン,ワタライグン,4/6,C1
座間味村,1353,1353,999,名詞,固有名詞,地域,一般,*,*,座間味村,ザマミソン,ザマミソン,3/5,C1
座間市,1353,1353,999,名詞,固有名詞,地域,一般,*,*,座間市,ザマシ,ザマシ,2/3,C1
延岡市,1353,1353,999,名詞,固有名詞,地域,一般,*,*,延岡市,ノベオカシ,ノベオカシ,4/5,C1
廿日市市,1353,1353,999,名詞,固有名詞,地域,一般,*,*,廿日市市,ハツカイチシ,ハツカイチシ,5/6,C1
弘前市,1353,1353,999,名詞,固有名詞,地域,一般,*,*,弘前市,ヒロサキシ,ヒロサキシ,4/5,C1
弟子屈町,1353,1353,999,名詞,固有名詞,地域,一般,*,*,弟子屈町,テシカガチョウ,テシカガチョー,4/6,C1
弥富市,1353,1353,999,名詞,固有名詞,地域,一般,*,*,弥富市,ヤトミシ,ヤトミシ,3/4,C1
弥彦村,1353,1353,999,名詞,固有名詞,地域,一般,*,*,弥彦村,ヤヒコムラ,ヤヒコムラ,3/5,C1
当別町,1353,1353,999,名詞,固有名詞,地域,一般,*,*,当別町,トウベツチョウ,トーベツチョー,4/6,C1
当麻町,1353,1353,999,名詞,固有名詞,地域,一般,*,*,当麻町,トウマチョウ,トーマチョー,3/5,C1
彦根市,1353,1353,999,名詞,固有名詞,地域,一般,*,*,彦根市,ヒコネシ,ヒコネシ,3/4,C1
御代田町,1353,1353,999,名詞,固有名詞,地域,一般,*,*,御代田町,ミヨタマチ,ミヨタマチ,3/5,C1
御前崎市,1353,1353,999,名詞,固有名詞,地域,一般,*,*,御前崎市,オマエザキシ,オマエザキシ,5/6,C1
御坊市,1353,1353,999,名詞,固有名詞,地域,一般,*,*,御坊市,ゴボウシ,ゴボーシ,3/4,C1
御宿町,1353,1353,999,名詞,固有名詞,地域,一般,*,*,御宿町,オンジュクマチ,オンジュクマチ,4/6,C1
御嵩町,1353,1353,999,名詞,固有名詞,地域,一般,*,*,御嵩町,ミタケチョウ,ミタケチョー,3/5,C1
御所市,1353,1353,999,名詞,固有名詞,地域,一般,*,*,御所市,ゴセシ,ゴセシ,2/3,C1
御杖村,1353,1353,999,名詞,固有名詞,地域,一般,*,*,御杖村,ミツエムラ,ミツエムラ,3/5,C1
御殿場市,1353,1353,999,名詞,固有名詞,地域,一般,*,*,御殿場市,ゴテンバシ,ゴテンバシ,4/5,C1
御浜町,1353,1353,999,名詞,固有名詞,地域,一般,*,*,御浜町,ミハマチョウ,ミハマチョー,3/5,C1
御船町,1353,1353,999,名詞,固有名詞,地域,一般,*,*,御船町,ミフネマチ,ミフネマチ,3/5,C1
御蔵島村,1353,1353,999,名詞,固有名詞,地域,一般,*,*,御蔵島村,ミクラジマムラ,ミクラジマムラ,5/7,C1
徳之島町,1353,1353,999,名詞,固有名詞,地域,一般,*,*,徳之島町,トクノシマチョウ,トクノシマチョー,5/7,C1
徳島市,1353,1353,999,名詞,固有名詞,地域,一般,*,*,徳島市,トクシマシ,トクシマシ,4/5,C1
忍野村,1353,1353,999,名詞,固有名詞,地域,一般,*,*,忍野村,オシノムラ,オシノムラ,3/5,C1
志免町,1353,1353,999,名詞,固有名詞,地域,一般,*,*,志免町,シメマチ,シメマチ,2/4,C1
志布志市,1353,1353,999,名詞,固有名詞,地域,一般,*,*,志布志市,シブシシ,シブシシ,3/4,C1
志摩市,1353,1353,999,名詞,固有名詞,地域,一般,*,*,志摩市,シマシ,シマシ,2/3,C1
志木市,1353,1353,999,名詞,固有名詞,地域,一般,*,*,志木市,シキシ,シキシ,2/3,C1
志賀町,1353,1353,999,名詞,固有名詞,地域,一般,*,*,志賀町,シカマチ,シカマチ,2/4,C1
忠岡町,1353,1353,999,名詞,固有名詞,地域,一般,*,*,忠岡町,タダオカチョウ,タダオカチョー,4/6,C1
恩納村,1353,1353,999,名詞,固有名詞,地域,一般,*,*,恩納村,オンナソン,オンナソン,3/5,C1
恵庭市,1353,1353,999,名詞,固有名詞,地域,一般,*,*,恵庭市,エニワシ,エニワシ,3/4,C1
恵那市,1353,1353,999,名詞,固有名詞,地域,一般,*,*,恵那市,エナシ,エナシ,2/3,C1
愛別町,1353,1353,999,名詞,固有名詞,地域,一般,*,*,愛別町,アイベツチョウ,アイベツチョー,4/6,C1
愛南町,1353,1353,999,名詞,固有名詞,地域,一般,*,*,愛南町,アイナンチョウ,アイナンチョー,4/6,C1
愛川町,1353,1353,999,名詞,固有名詞,地域,一般,*,*,愛川町,アイカワマチ,アイカワマチ,4/6,C1
愛甲郡,1353,1353,999,名詞,固有名詞,地域,一般,*,*,愛甲郡,アイコウグン,アイコーグン,4/6,C1
愛知郡愛荘町,1353,1353,999,名詞,固有名詞,地域,一般,*,*,愛知郡愛荘町,エチグンアイショウチョウ,エチグンアイショーチョー,8/10,C1
愛知郡東郷町,1353,1353,999,名詞,固有名詞,地域,一般,*,*,愛知郡東郷町,アイチグントウゴウチョウ,アイチグントーゴーチョー,9/11,C1
愛荘町,1353,1353,999,名詞,固有名詞,地域,一般,*,*,愛荘町,アイショウチョウ,アイショーチョー,4/6,C1
愛西市,1353,1353,999,名詞,固有名詞,地域,一般,*,*,愛西市,アイサイシ,アイサイシ,4/5,C1
成田市,1353,1353,999,名詞,固有名詞,地域,一般,*,*,成田市,ナリタシ,ナリタシ,3/4,C1
我孫子市,1353,1353,999,名詞,固有名詞,地域,一般,*,*,我孫子市,アビコシ,アビコシ,3/4,C1
戸沢村,1353,1353,999,名詞,固有名詞,地域,一般,*,*,戸沢村,トザワムラ,トザワムラ,3/5,C1
戸田市,1353,1353,999,名詞,固有名詞,地域,一般,*,*,戸田市,トダシ,トダシ,2/3,C1
所沢市,1353,1353,999,名詞,固有名詞,地域,一般,*,*,所沢市,トコロザワシ,トコロザワシ,5/6,C1
扶桑町,1353,1353,999,名詞,固有名詞,地域,一般,*,*,扶桑町,フソウチョウ,フソーチョー,3/5,C1
指宿市,1353,1353,999,名詞,固有名詞,地域,一般,*,*,指宿市,イブスキシ,イブスキシ,4/5,C1
掛川市,1353,1353,999,名詞,固有名詞,地域,一般,*,*,掛川市,カケガワシ,カケガワシ,4/5,C1
揖保郡,1353,1353,999,名詞,固有名詞,地域,一般,*,*,揖保郡,イボグン,イボグン,2/4,C1
揖斐川町,1353,1353,999,名詞,固有名詞,地域,一般,*,*,揖斐川町,イビガワチョウ,イビガワチョー,4/6,C1
揖斐郡,1353,1353,999,名詞,固有名詞,地域,一般,*,*,揖斐郡,イビグン,イビグン,2/4,C1
揖斐郡池田町,1353,1353,999,名詞,固有名詞,地域,一般,*,*,揖斐郡池田町,イビグンイケダチョウ,イビグンイケダチョー,7/9,C1
摂津市,1353,1353,999,名詞,固有名詞,地域,一般,*,*,摂津市,セッツシ,セッツシ,3/4,C1
播磨町,1353,1353,999,名詞,固有名詞,地域,一般,*,*,播磨町,ハリマチョウ,ハリマチョー,3/5,C1
敦賀市,1353,1353,999,名詞,固有名詞,地域,一般,*,*,敦賀市,ツルガシ,ツルガシ,3/4,C1
文京区,1353,1353,999,名詞,固有名詞,地域,一般,*,*,文京区,ブンキョウク,ブンキョーク,4/5,C1
斑鳩町,1353,1353,999,名詞,固有名詞,地域,一般,*,*,斑鳩町,イカルガチョウ,イカルガチョー,4/6,C1
斜里町,1353,1353,999,名詞,固有名詞,地域,一般,*,*,斜里町,シャリチョウ,シャリチョー,2/4,C1
斜里郡,1353,1353,999,名詞,固有名詞,地域,一般,*,*,斜里郡,シャリグン,シャリグン,2/4,C1
新ひだか町,1353,1353,999,名詞,固有名詞,地域,一般,*,*,新ひだか町,シンヒダカチョウ,シンヒダカチョー,5/7,C1
新上五島町,1353,1353,999,名詞,固有名詞,地域,一般,*,*,新上五島町,シンカミゴトウチョウ,シンカミゴトーチョー,7/9,C1
新冠町,1353,1353,999,名詞,固有名詞,地域,一般,*,*,新冠町,ニイカップチョウ,ニイカップチョー,5/7,C1
新冠郡,1353,1353,999,名詞,固有名詞,地域,一般,*,*,新冠郡,ニイカップグン,ニイカップグン,5/7,C1
新十津川町,1353,1353,999,名詞,固有名詞,地域,一般,*,*,新十津川町,シントツカワチョウ,シントツカワチョー,6/8,C1
新地町,1353,1353,999,名詞,固有名詞,地域,一般,*,*,新地町,シンチマチ,シンチマチ,3/5,C1
新城市,1353,1353,999,名詞,固有名詞,地域,一般,*,*,新城市,シンシロシ,シンシロシ,4/5,C1
新宮市,1353,1353,999,名詞,固有名詞,地域,一般,*,*,新宮市,シングウシ,シングーシ,4/5,C1
新宮町,1353,1353,999,名詞,固有名詞,地域,一般,*,*,新宮町,シングウマチ,シングーマチ,4/6,C1
新宿区,1353,1353,999,名詞,固有名詞,地域,一般,*,*,新宿区,シンジュクク,シンジュクク,4/5,C1
新富町,1353,1353,147,名詞,固有名詞,地域,一般,*,*,新富町,シントミチョウ,シントミチョー,4/6,C1
新居浜市,1353,1353,999,名詞,固有名詞,地域,一般,*,*,新居浜市,ニイハマシ,ニイハマシ,4/5,C1
新島村,1353,1353,999,名詞,固有名詞,地域,一般,*,*,新島村,ニイジマムラ,ニイジマムラ,4/6,C1
新庄市,1353,1353,999,名詞,固有名詞,地域,一般,*,*,新庄市,シンジョウシ,シンジョーシ,4/5,C1
新庄村,1353,1353,999,名詞,固有名詞,地域,一般,*,*,新庄村,シンジョウソン,シンジョーソン,4/6,C1
新座市,1353,1353,999,名詞,固有名詞,地域,一般,*,*,新座市,ニイザシ,ニイザシ,3/4,C1
新得町,1353,1353,999,名詞,固有名詞,地域,一般,*,*,新得町,シントクチョウ,シントクチョー,4/6,C1
新温泉町,1353,1353,999,名詞,固有名詞,地域,一般,*,*,新温泉町,シンオンセンチョウ,シンオンセンチョー,6/8,C1
新潟市中央区,1353,1353,999,名詞,固有名詞,地域,一般,*,*,新潟市中央区,ニイガタシチュウオウク,ニイガタシチューオーク,9/10,C1
新潟市北区,1353,1353,999,名詞,固有名詞,地域,一般,*,*,新潟市北区,ニイガタシキタク,ニイガタシキタク,7/8,C1
新潟市南区,1353,1353,999,名詞,固有名詞,地域,一般,*,*,新潟市南区,ニイガタシミナミク,ニイガタシミナミク,8/9,C1
新潟市東区,1353,1353,999,名詞,固有名詞,地域,一般,*,*,新潟市東区,ニイガタシヒガシク,ニイガタシヒガシク,8/9,C1
新潟市江南区,1353,1353,999,名詞,固有名詞,地域,一般,*,*,新潟市江南区,ニイガタシコウナンク,ニイガタシコーナンク,9/10,C1
新潟市秋葉区,1353,1353,999,名詞,固有名詞,地域,一般,*,*,新潟市秋葉区,ニイガタシアキハク,ニイガタシアキハク,8/9,C1
新潟市西区,1353,1353,999,名詞,固有名詞,地域,一般,*,*,新潟市西区,ニイガタシニシク,ニイガタシニシク,7/8,C1
新潟市西蒲区,1353,1353,999,名詞,固有名詞,地域,一般,*,*,新潟市西蒲区,ニイガタシニシカンク,ニイガタシニシカンク,9/10,C1
新発田市,1353,1353,999,名詞,固有名詞,地域,一般,*,*,新発田市,シバタシ,シバタシ,3/4,C1
新篠津村,1353,1353,999,名詞,固有名詞,地域,一般,*,*,新篠津村,シンシノツムラ,シンシノツムラ,5/7,C1
新見市,1353,1353,999,名詞,固有名詞,地域,一般,*,*,新見市,ニイミシ,ニイミシ,3/4,C1
新郷村,1353,1353,999,名詞,固有名詞,地域,一般,*,*,新郷村,シンゴウムラ,シンゴームラ,4/6,C1
日の出町,1353,1353,999,名詞,固有名詞,地域,一般,*,*,日の出町,ヒノデマチ,ヒノデマチ,3/5,C1
日之影町,1353,1353,999,名詞,固有名詞,地域,一般,*,*,日之影町,ヒノカゲチョウ,ヒノカゲチョー,4/6,C1
日光市,1353,1353,999,名詞,固有名詞,地域,一般,*,*,日光市,ニッコウシ,ニッコーシ,4/5,C1
日出町,1353,1353,999,名詞,固有名詞,地域,一般,*,*,日出町,ヒジマチ,ヒジマチ,2/4,C1
日南市,1353,1353,999,名詞,固有名詞,地域,一般,*,*,日南市,ニチナンシ,ニチナンシ,4/5,C1
日南町,1353,1353,999,名詞,固有名詞,地域,一般,*,*,日南町,ニチナンチョウ,ニチナンチョー,4/6,C1
日吉津村,1353,1353,999,名詞,固有名詞,地域,一般,*,*,日吉津村,ヒエヅソン,ヒエヅソン,3/5,C1
日向市,1353,1353,999,名詞,固有名詞,地域,一般,*,*,日向市,ヒュウガシ,ヒューガシ,3/4,C1
日田市,1353,1353,999,名詞,固有名詞,地域,一般,*,*,日田市,ヒタシ,ヒタシ,2/3,C1
日立市,1353,1353,999,名詞,固有名詞,地域,一般,*,*,日立市,ヒタチシ,ヒタチシ,3/4,C1
日置市,1353,1353,999,名詞,固有名詞,地域,一般,*,*,日置市,ヒオキシ,ヒオキシ,3/4,C1
日進市,1353,1353,999,名詞,固有名詞,地域,一般,*,*,日進市,ニッシンシ,ニッシンシ,4/5,C1
日野市,1353,1353,999,名詞,固有名詞,地域,一般,*,*,日野市,ヒノシ,ヒノシ,2/3,C1
日野町,1353,1353,999,名詞,固有名詞,地域,一般,*,*,日野町,ヒノチョウ,ヒノチョー,2/4,C1
日野郡,1353,1353,999,名詞,固有名詞,地域,一般,*,*,日野郡,ヒノグン,ヒノグン,2/4,C1
日高川町,1353,1353,999,名詞,固有名詞,地域,一般,*,*,日高川町,ヒダカガワチョウ,ヒダカガワチョー,5/7,C1
日高市,1353,1353,999,名詞,固有名詞,地域,一般,*,*,日高市,ヒダカシ,ヒダカシ,3/4,C1
日高村,1353,1353,999,名詞,固有名詞,地域,一般,*,*,日高村,ヒダカムラ,ヒダカムラ,3/5,C1
日高町,1353,1353,999,名詞,固有名詞,地域,一般,*,*,日高町,ヒダカチョウ,ヒダカチョー,3/5,C1
日高郡,1353,1353,999,名詞,固有名詞,地域,一般,*,*,日高郡,ヒダカグン,ヒダカグン,3/5,C1
早島町,1353,1353,999,名詞,固有名詞,地域,一般,*,*,早島町,ハヤシマチョウ,ハヤシマチョー,4/6,C1
早川町,1353,1353,999,名詞,固有名詞,地域,一般,*,*,早川町,ハヤカワチョウ,ハヤカワチョー,4/6,C1
旭川市,1353,1353,999,名詞,固有名詞,地域,一般,*,*,旭川市,アサヒカワシ,アサヒカワシ,5/6,C1
旭市,1353,1353,999,名詞,固有名詞,地域,一般,*,*,旭市,アサヒシ,アサヒシ,3/4,C1
明日香村,1353,1353,999,名詞,固有名詞,地域,一般,*,*,明日香村,アスカムラ,アスカムラ,3/5,C1
明石市,1353,1353,999,名詞,固有名詞,地域,一般,*,*,明石市,アカシシ,アカシシ,3/4,C1
春日井市,1353,1353,999,名詞,固有名詞,地域,一般,*,*,春日井市,カスガイシ,カスガイシ,4/5,C1
春日市,1353,1353,999,名詞,固有名詞,地域,一般,*,*,春日市,カスガシ,カスガシ,3/4,C1
春日部市,1353,1353,999,名詞,固有名詞,地域,一般,*,*,春日部市,カスカベシ,カスカベシ,4/5,C1
昭和村,1353,1353,999,名詞,固有名詞,地域,一般,*,*,昭和村,ショウワムラ,ショーワムラ,3/5,C1
昭和町,1353,1353,999,名詞,固有名詞,地域,一般,*,*,昭和町,ショウワチョウ,ショーワチョー,3/5,C1
昭島市,1353,1353,999,名詞,固有名詞,地域,一般,*,*,昭島市,アキシマシ,アキシマシ,4/5,C1
時津町,1353,1353,999,名詞,固有名詞,地域,一般,*,*,時津町,トギツチョウ,トギツチョー,3/5,C1
普代村,1353,1353,999,名詞,固有名詞,地域,一般,*,*,普代村,フダイムラ,フダイムラ,3/5,C1
智頭町,1353,1353,999,名詞,固有名詞,地域,一般,*,*,智頭町,チヅチョウ,チヅチョー,2/4,C1
更別村,1353,1353,999,名詞,固有名詞,地域,一般,*,*,更別村,サラベツムラ,サラベツムラ,4/6,C1
曽於市,1353,1353,999,名詞,固有名詞,地域,一般,*,*,曽於市,ソオシ,ソーシ,2/3,C1
曽於郡,1353,1353,999,名詞,固有名詞,地域,一般,*,*,曽於郡,ソオグン,ソーグン,2/4,C1
曽爾村,1353,1353,999,名詞,固有名詞,地域,一般,*,*,曽爾村,ソニムラ,ソニムラ,2/4,C1
最上町,1353,1353,999,名詞,固有名詞,地域,一般,*,*,最上町,モガミマチ,モガミマチ,3/5,C1
最上郡,1353,1353,999,名詞,固有名詞,地域,一般,*,*,最上郡,モガミグン,モガミグン,3/5,C1
月形町,1353,1353,999,名詞,固有名詞,地域,一般,*,*,月形町,ツキガタチョウ,ツキガタチョー,4/6,C1
有珠郡,1353,1353,999,名詞,固有名詞,地域,一般,*,*,有珠郡,ウスグン,ウスグン,2/4,C1
有田川町,1353,1353,999,名詞,固有名詞,地域,一般,*,*,有田川町,アリダガワチョウ,アリダガワチョー,5/7,C1
有田市,1353,1353,999,名詞,固有名詞,地域,一般,*,*,有田市,アリダシ,アリダシ,3/4,C1
有田町,1353,1353,999,名詞,固有名詞,地域,一般,*,*,有田町,アリタチョウ,アリタチョー,3/5,C1
有田郡,1353,1353,999,名詞,固有名詞,地域,一般,*,*,有田郡,アリダグン,アリダグン,3/5,C1
有田郡広川町,1353,1353,999,名詞,固有名詞,地域,一般,*,*,有田郡広川町,アリダグンヒロガワチョウ,アリダグンヒロガワチョー,9/11,C1
朝倉市,1353,1353,999,名詞,固有名詞,地域,一般,*,*,朝倉市,アサクラシ,アサクラシ,4/5,C1
朝倉郡,1353,1353,999,名詞,固有名詞,地域,一般,*,*,朝倉郡,アサクラグン,アサクラグン,4/6,C1
朝日村,1353,1353,999,名詞,固有名詞,地域,一般,*,*,朝日村,アサヒムラ,アサヒムラ,3/5,C1
朝来市,1353,1353,999,名詞,固有名詞,地域,一般,*,*,朝来市,アサゴシ,アサゴシ,3/4,C1
朝霞市,1353,1353,999,名詞,固有名詞,地域,一般,*,*,朝霞市,アサカシ,アサカシ,3/4,C1
木古内町,1353,1353,999,名詞,固有名詞,地域,一般,*,*,木古内町,キコナイチョウ,キコナイチョー,4/6,C1
木城町,1353,1353,999,名詞,固有名詞,地域,一般,*,*,木城町,キジョウチョウ,キジョーチョー,3/5,C1
木島平村,1353,1353,999,名詞,固有名詞,地域,一般,*,*,木島平村,キジマダイラムラ,キジマダイラムラ,6/8,C1
木更津市,1353,1353,999,名詞,固有名詞,地域,一般,*,*,木更津市,キサラヅシ,キサラヅシ,4/5,C1
木曽岬町,1353,1353,999,名詞,固有名詞,地域,一般,*,*,木曽岬町,キソサキチョウ,キソサキチョー,4/6,C1
木曽町,1353,1353,999,名詞,固有名詞,地域,一般,*,*,木曽町,キソマチ,キソマチ,2/4,C1
木曽郡,1353,1353,999,名詞,固有名詞,地域,一般,*,*,木曽郡,キソグン,キソグン,2/4,C1
木津川市,1353,1353,999,名詞,固有名詞,地域,一般,*,*,木津川市,キヅガワシ,キヅガワシ,4/5,C1
木田郡,1353,1353,999,名詞,固有名詞,地域,一般,*,*,木田郡,キタグン,キタグン,2/4,C1
木祖村,1353,1353,999,名詞,固有名詞,地域,一般,*,*,木祖村,キソムラ,キソムラ,2/4,C1
本別町,1353,1353,999,名詞,固有名詞,地域,一般,*,*,本別町,ホンベツチョウ,ホンベツチョー,4/6,C1
本吉郡,1353,1353,999,名詞,固有名詞,地域,一般,*,*,本吉郡,モトヨシグン,モトヨシグン,4/6,C1
本宮市,1353,1353,999,名詞,固有名詞,地域,一般,*,*,本宮市,モトミヤシ,モトミヤシ,4/5,C1
本山町,1353,1353,999,名詞,固有名詞,地域,一般,*,*,本山町,モトヤマチョウ,モトヤマチョー,4/6,C1
本巣市,1353,1353,999,名詞,固有名詞,地域,一般,*,*,本巣市,モトスシ,モトスシ,3/4,C1
本巣郡,1353,1353,999,名詞,固有名詞,地域,一般,*,*,本巣郡,モトスグン,モトスグン,3/5,C1
本庄市,1353,1353,999,名詞,固有名詞,地域,一般,*,*,本庄市,ホンジョウシ,ホンジョーシ,4/5,C1
本部町,1353,1353,999,名詞,固有名詞,地域,一般,*,*,本部町,モトブチョウ,モトブチョー,3/5,C1
札幌市中央区,1353,1353,999,名詞,固有名詞,地域,一般,*,*,札幌市中央区,サッポロシチュウオウク,サッポロシチューオーク,9/10,C1
札幌市北区,1353,1353,999,名詞,固有名詞,地域,一般,*,*,札幌市北区,サッポロシキタク,サッポロシキタク,7/8,C1
札幌市南区,1353,1353,999,名詞,固有名詞,地域,一般,*,*,札幌市南区,サッポロシミナミク,サッポロシミナミク,8/9,C1
札幌市厚別区,1353,1353,999,名詞,固有名詞,地域,一般,*,*,札幌市厚別区,サッポロシアツベツク,サッポロシアツベツク,9/10,C1
札幌市手稲区,1353,1353,999,名詞,固有名詞,地域,一般,*,*,札幌市手稲区,サッポロシテイネク,サッポロシテーネク,8/9,C1
札幌市東区,1353,1353,999,名詞,固有名詞,地域,一般,*,*,札幌市東区,サッポロシヒガシク,サッポロシヒガシク,8/9,C1
札幌市清田区,1353,1353,999,名詞,固有名詞,地域,一般,*,*,札幌市清田区,サッポロシキヨタク,サッポロシキヨタク,8/9,C1
札幌市白石区,1353,1353,999,名詞,固有名詞,地域,一般,*,*,札幌市白石区,サッポロシシロイシク,サッポロシシロイシク,9/10,C1
札幌市西区,1353,1353,999,名詞,固有名詞,地域,一般,*,*,札幌市西区,サッポロシニシク,サッポロシニシク,7/8,C1
札幌市豊平区,1353,1353,999,名詞,固有名詞,地域,一般,*,*,札幌市豊平区,サッポロシトヨヒラク,サッポロシトヨヒラク,9/10,C1
杉並区,1353,1353,999,名詞,固有名詞,地域,一般,*,*,杉並区,スギナミク,スギナミク,4/5,C1
杉戸町,1353,1353,999,名詞,固有名詞,地域,一般,*,*,杉戸町,スギトマチ,スギトマチ,3/5,C1
村上市,1353,1353,999,名詞,固有名詞,地域,一般,*,*,村上市,ムラカミシ,ムラカミシ,4/5,C1
村山市,1353,1353,999,名詞,固有名詞,地域,一般,*,*,村山市,ムラヤマシ,ムラヤマシ,4/5,C1
村田町,1353,1353,999,名詞,固有名詞,地域,一般,*,*,村田町,ムラタマチ,ムラタマチ,3/5,C1
東かがわ市,1353,1353,999,名詞,固有名詞,地域,一般,*,*,東かがわ市,ヒガシカガワシ,ヒガシカガワシ,6/7,C1
東みよし町,1353,1353,999,名詞,固有名詞,地域,一般,*,*,東みよし町,ヒガシミヨシチョウ,ヒガシミヨシチョー,6/8,C1
東串良町,1353,1353,999,名詞,固有名詞,地域,一般,*,*,東串良町,ヒガシクシラチョウ,ヒガシクシラチョー,6/8,C1
東久留米市,1353,1353,999,名詞,固有名詞,地域,一般,*,*,東久留米市,ヒガシクルメシ,ヒガシクルメシ,6/7,C1
東伊豆町,1353,1353,999,名詞,固有名詞,地域,一般,*,*,東伊豆町,ヒガシイズチョウ,ヒガシイズチョー,5/7,C1
東伯郡,1353,1353,999,名詞,固有名詞,地域,一般,*,*,東伯郡,トウハクグン,トーハクグン,4/6,C1
東北町,1353,1353,999,名詞,固有名詞,地域,一般,*,*,東北町,トウホクマチ,トーホクマチ,4/6,C1
東吉野村,1353,1353,999,名詞,固有名詞,地域,一般,*,*,東吉野村,ヒガシヨシノムラ,ヒガシヨシノムラ,6/8,C1
東吾妻町,1353,1353,999,名詞,固有名詞,地域,一般,*,*,東吾妻町,ヒガシアガツママチ,ヒガシアガツママチ,7/9,C1
東員町,1353,1353,999,名詞,固有名詞,地域,一般,*,*,東員町,トウインチョウ,トーインチョー,4/6,C1
東国東郡,1353,1353,999,名詞,固有名詞,地域,一般,*,*,東国東郡,ヒガシクニサキグン,ヒガシクニサキグン,7/9,C1
東大和市,1353,1353,999,名詞,固有名詞,地域,一般,*,*,東大和市,ヒガシヤマトシ,ヒガシヤマトシ,6/7,C1
東大阪市,1353,1353,999,名詞,固有名詞,地域,一般,*,*,東大阪市,ヒガシオオサカシ,ヒガシオーサカシ,7/8,C1
東峰村,1353,1353,999,名詞,固有名詞,地域,一般,*,*,東峰村,トウホウムラ,トーホームラ,4/6,C1
東川町,1353,1353,999,名詞,固有名詞,地域,一般,*,*,東川町,ヒガシカワチョウ,ヒガシカワチョー,5/7,C1
東広島市,1353,1353,999,名詞,固有名詞,地域,一般,*,*,東広島市,ヒガシヒロシマシ,ヒガシヒロシマシ,7/8,C1
東庄町,1353,1353,999,名詞,固有名詞,地域,一般,*,*,東庄町,トウノショウマチ,トーノショーマチ,5/7,C1
東彼杵町,1353,1353,999,名詞,固有名詞,地域,一般,*,*,東彼杵町,ヒガシソノギチョウ,ヒガシソノギチョー,6/8,C1
東彼杵郡,1353,1353,999,名詞,固有名詞,地域,一般,*,*,東彼杵郡,ヒガシソノギグン,ヒガシソノギグン,6/8,C1
東御市,1353,1353,999,名詞,固有名詞,地域,一般,*,*,東御市,トウミシ,トーミシ,3/4,C1
東成瀬村,1353,1353,999,名詞,固有名詞,地域,一般,*,*,東成瀬村,ヒガシナルセムラ,ヒガシナルセムラ,6/8,C1
東村,1353,1353,999,名詞,固有名詞,地域,一般,*,*,東村,ヒガシソン,ヒガシソン,3/5,C1
東村山市,1353,1353,999,名詞,固有名詞,地域,一般,*,*,東村山市,ヒガシムラヤマシ,ヒガシムラヤマシ,7/8,C1
東村山郡,1353,1353,999,名詞,固有名詞,地域,一般,*,*,東村山郡,ヒガシムラヤマグン,ヒガシムラヤマグン,7/9,C1
東松山市,1353,1353,999,名詞,固有名詞,地域,一般,*,*,東松山市,ヒガシマツヤマシ,ヒガシマツヤマシ,7/8,C1
東松島市,1353,1353,999,名詞,固有名詞,地域,一般,*,*,東松島市,ヒガシマツシマシ,ヒガシマツシマシ,7/8,C1
東松浦郡,1353,1353,999,名詞,固有名詞,地域,一般,*,*,東松浦郡,ヒガシマツウラグン,ヒガシマツーラグン,7/9,C1
東栄町,1353,1353,999,名詞,固有名詞,地域,一般,*,*,東栄町,トウエイチョウ,トーエーチョー,4/6,C1
東根市,1353,1353,999,名詞,固有名詞,地域,一般,*,*,東根市,ヒガシネシ,ヒガシネシ,4/5,C1
東洋町,1353,1353,999,名詞,固有名詞,地域,一般,*,*,東洋町,トウヨウチョウ,トーヨーチョー,4/6,C1
東津軽郡,1353,1353,999,名詞,固有名詞,地域,一般,*,*,東津軽郡,ヒガシツガルグン,ヒガシツガルグン,6/8,C1
東浦町,1353,1353,999,名詞,固有名詞,地域,一般,*,*,東浦町,ヒガシウラチョウ,ヒガシウラチョー,5/7,C1
東海市,1353,1353,999,名詞,固有名詞,地域,一般,*,*,東海市,トウカイシ,トーカイシ,4/5,C1
東海村,1353,1353,999,名詞,固有名詞,地域,一般,*,*,東海村,トウカイムラ,トーカイムラ,4/6,C1
東温市,1353,1353,999,名詞,固有名詞,地域,一般,*,*,東温市,トウオンシ,トーオンシ,4/5,C1
東牟婁郡,1353,1353,999,名詞,固有名詞,地域,一般,*,*,東牟婁郡,ヒガシムログン,ヒガシムログン,5/7,C1
東田川郡,1353,1353,999,名詞,固有名詞,地域,一般,*,*,東田川郡,ヒガシタガワグン,ヒガシタガワグン,6/8,C1
東白川村,1353,1353,999,名詞,固有名詞,地域,一般,*,*,東白川村,ヒガシシラカワムラ,ヒガシシラカワムラ,7/9,C1
東白川郡,1353,1353,999,名詞,固有名詞,地域,一般,*,*,東白川郡,ヒガシシラカワグン,ヒガシシラカワグン,7/9,C1
東神楽町,1353,1353,999,名詞,固有名詞,地域,一般,*,*,東神楽町,ヒガシカグラチョウ,ヒガシカグラチョー,6/8,C1
東秩父村,1353,1353,999,名詞,固有名詞,地域,一般,*,*,東秩父村,ヒガシチチブムラ,ヒガシチチブムラ,6/8,C1
東筑摩郡,1353,1353,999,名詞,固有名詞,地域,一般,*,*,東筑摩郡,ヒガシチクマグン,ヒガシチクマグン,6/8,C1
東置賜郡,1353,1353,999,名詞,固有名詞,地域,一般,*,*,東置賜郡,ヒガシオキタマグン,ヒガシオキタマグン,7/9,C1
東置賜郡川西町,1353,1353,999,名詞,固有名詞,地域,一般,*,*,東置賜郡川西町,ヒガシオキタマグンカワニシマチ,ヒガシオキタマグンカワニシマチ,13/15,C1
東臼杵郡,1353,1353,999,名詞,固有名詞,地域,一般,*,*,東臼杵郡,ヒガシウスキグン,ヒガシウスキグン,6/8,C1
東茨城郡,1353,1353,999,名詞,固有名詞,地域,一般,*,*,東茨城郡,ヒガシイバラキグン,ヒガシイバラキグン,7/9,C1
東蒲原郡,1353,1353,999,名詞,固有名詞,地域,一般,*,*,東蒲原郡,ヒガシカンバラグン,ヒガシカンバラグン,7/9,C1
東諸県郡,1353,1353,999,名詞,固有名詞,地域,一般,*,*,東諸県郡,ヒガシモロカタグン,ヒガシモロカタグン,7/9,C1
東近江市,1353,1353,999,名詞,固有名詞,地域,一般,*,*,東近江市,ヒガシオウミシ,ヒガシオーミシ,6/7,C1
東通村,1353,1353,999,名詞,固有名詞,地域,一般,*,*,東通村,ヒガシドオリムラ,ヒガシドーリムラ,6/8,C1
東郷町,1353,1353,999,名詞,固有名詞,地域,一般,*,*,東郷町,トウゴウチョウ,トーゴーチョー,4/6,C1
東金市,1353,1353,999,名詞,固有名詞,地域,一般,*,*,東金市,トウガネシ,トーガネシ,4/5,C1
杵島郡,1353,1353,999,名詞,固有名詞,地域,一般,*,*,杵島郡,キシマグン,キシマグン,3/5,C1
杵築市,1353,1353,999,名詞,固有名詞,地域,一般,*,*,杵築市,キツキシ,キツキシ,3/4,C1
松伏町,1353,1353,999,名詞,固有名詞,地域,一般,*,*,松伏町,マツブシマチ,マツブシマチ,4/6,C1
松前郡,1353,1353,999,名詞,固有名詞,地域,一般,*,*,松前郡,マツマエグン,マツマエグン,4/6,C1
松前郡松前町,1353,1353,999,名詞,固有名詞,地域,一般,*,*,松前郡松前町,マツマエグンマツマエチョウ,マツマエグンマツマエチョー,10/12,C1
松原市,1353,1353,999,名詞,固有名詞,地域,一般,*,*,松原市,マツバラシ,マツバラシ,4/5,C1
松山市,1353,1353,999,名詞,固有名詞,地域,一般,*,*,松山市,マツヤマシ,マツヤマシ,4/5,C1
松島町,1353,1353,999,名詞,固有名詞,地域,一般,*,*,松島町,マツシママチ,マツシママチ,4/6,C1
松崎町,1353,1353,999,名詞,固有名詞,地域,一般,*,*,松崎町,マツザキチョウ,マツザキチョー,4/6,C1
松川村,1353,1353,999,名詞,固有名詞,地域,一般,*,*,松川村,マツカワムラ,マツカワムラ,4/6,C1
松川町,1353,1353,999,名詞,固有名詞,地域,一般,*,*,松川町,マツカワマチ,マツカワマチ,4/6,C1
松戸市,1353,1353,999,名詞,固有名詞,地域,一般,*,*,松戸市,マツドシ,マツドシ,3/4,C1
松本市,1353,1353,999,名詞,固有名詞,地域,一般,*,*,松本市,マツモトシ,マツモトシ,4/5,C1
松江市,1353,1353,999,名詞,固有名詞,地域,一般,*,*,松江市,マツエシ,マツエシ,3/4,C1
松浦市,1353,1353,999,名詞,固有名詞,地域,一般,*,*,松浦市,マツウラシ,マツーラシ,4/5,C1
松田町,1353,1353,999,名詞,固有名詞,地域,一般,*,*,松田町,マツダマチ,マツダマチ,3/5,C1
松茂町,1353,1353,999,名詞,固有名詞,地域,一般,*,*,松茂町,マツシゲチョウ,マツシゲチョー,4/6,C1
松野町,1353,1353,999,名詞,固有名詞,地域,一般,*,*,松野町,マツノチョウ,マツノチョー,3/5,C1
松阪市,1353,1353,999,名詞,固有名詞,地域,一般,*,*,松阪市,マツサカシ,マツサカシ,4/5,C1
板倉町,1353,1353,999,名詞,固有名詞,地域,一般,*,*,板倉町,イタクラマチ,イタクラマチ,4/6,C1
板柳町,1353,1353,999,名詞,固有名詞,地域,一般,*,*,板柳町,イタヤナギマチ,イタヤナギマチ,5/7,C1
板橋区,1353,1353,999,名詞,固有名詞,地域,一般,*,*,板橋区,イタバシク,イタバシク,4/5,C1
板野町,1353,1353,999,名詞,固有名詞,地域,一般,*,*,板野町,イタノチョウ,イタノチョー,3/5,C1
板野郡,1353,1353,999,名詞,固有名詞,地域,一般,*,*,板野郡,イタノグン,イタノグン,3/5,C1
枕崎市,1353,1353,999,名詞,固有名詞,地域,一般,*,*,枕崎市,マクラザキシ,マクラザキシ,5/6,C1
枚方市,1353,1353,999,名詞,固有名詞,地域,一般,*,*,枚方市,ヒラカタシ,ヒラカタシ,4/5,C1
枝幸町,1353,1353,999,名詞,固有名詞,地域,一般,*,*,枝幸町,エサシチョウ,エサシチョー,3/5,C1
枝幸郡,1353,1353,999,名詞,固有名詞,地域,一般,*,*,枝幸郡,エサシグン,エサシグン,3/5,C1
柏原市,1353,1353,999,名詞,固有名詞,地域,一般,*,*,柏原市,カシワラシ,カシワラシ,4/5,C1
柏崎市,1353,1353,999,名詞,固有名詞,地域,一般,*,*,柏崎市,カシワザキシ,カシワザキシ,5/6,C1
柏市,1353,1353,999,名詞,固有名詞,地域,一般,*,*,柏市,カシワシ,カシワシ,3/4,C1
柳井市,1353,1353,999,名詞,固有名詞,地域,一般,*,*,柳井市,ヤナイシ,ヤナイシ,3/4,C1
柳川市,1353,1353,999,名詞,固有名詞,地域,一般,*,*,柳川市,ヤナガワシ,ヤナガワシ,4/5,C1
柳津町,1353,1353,999,名詞,固有名詞,地域,一般,*,*,柳津町,ヤナイヅマチ,ヤナイヅマチ,4/6,C1
柴田町,1353,1353,999,名詞,固有名詞,地域,一般,*,*,柴田町,シバタマチ,シバタマチ,3/5,C1
柴田郡,1353,1353,999,名詞,固有名詞,地域,一般,*,*,柴田郡,シバタグン,シバタグン,3/5,C1
栃木市,1353,1353,999,名詞,固有名詞,地域,一般,*,*,栃木市,トチギシ,トチギシ,3/4,C1
栄村,1353,1353,999,名詞,固有名詞,地域,一般,*,*,栄村,サカエムラ,サカエムラ,3/5,C1
栄町,1353,1353,147,名詞,固有名詞,地域,一般,*,*,栄町,サカエマチ,サカエマチ,3/5,C1
栗原市,1353,1353,999,名詞,固有名詞,地域,一般,*,*,栗原市,クリハラシ,クリハラシ,4/5,C1
栗山町,1353,1353,999,名詞,固有名詞,地域,一般,*,*,栗山町,クリヤマチョウ,クリヤマチョー,4/6,C1
栗東市,1353,1353,999,名詞,固有名詞,地域,一般,*,*,栗東市,リットウシ,リットーシ,4/5,C1
根室市,1353,1353,999,名詞,固有名詞,地域,一般,*,*,根室市,ネムロシ,ネムロシ,3/4,C1
根羽村,1353,1353,999,名詞,固有名詞,地域,一般,*,*,根羽村,ネバムラ,ネバムラ,2/4,C1
桂川町,1353,1353,999,名詞,固有名詞,地域,一般,*,*,桂川町,ケイセンマチ,ケーセンマチ,4/6,C1
桐生市,1353,1353,999,名詞,固有名詞,地域,一般,*,*,桐生市,キリュウシ,キリューシ,3/4,C1
桑名市,1353,1353,999,名詞,固有名詞,地域,一般,*,*,桑名市,クワナシ,クワナシ,3/4,C1
桑名郡,1353,1353,999,名詞,固有名詞,地域,一般,*,*,桑名郡,クワナグン,クワナグン,3/5,C1
桑折町,1353,1353,999,名詞,固有名詞,地域,一般,*,*,桑折町,コオリマチ,コーリマチ,3/5,C1
桜井市,1353,1353,999,名詞,固有名詞,地域,一般,*,*,桜井市,サクライシ,サクライシ,4/5,C1
桜川市,1353,1353,999,名詞,固有名詞,地域,一般,*,*,桜川市,サクラガワシ,サクラガワシ,5/6,C1
桶川市,1353,1353,999,名詞,固有名詞,地域,一般,*,*,桶川市,オケガワシ,オケガワシ,4/5,C1
棚倉町,1353,1353,999,名詞,固有名詞,地域,一般,*,*,棚倉町,タナグラマチ,タナグラマチ,4/6,C1
森町,1353,1353,999,名詞,固有名詞,地域,一般,*,*,森町,モリマチ,モリマチ,2/4,C1
椎葉村,1353,1353,999,名詞,固有名詞,地域,一般,*,*,椎葉村,シイバソン,シイバソン,3/5,C1
楢葉町,1353,1353,999,名詞,固有名詞,地域,一般,*,*,楢葉町,ナラハマチ,ナラハマチ,3/5,C1
榛原郡,1353,1353,999,名詞,固有名詞,地域,一般,*,*,榛原郡,ハイバラグン,ハイバラグン,4/6,C1
榛東村,1353,1353,999,名詞,固有名詞,地域,一般,*,*,榛東村,マグンシントウムラ,マグンシントームラ,7/9,C1
様似町,1353,1353,999,名詞,固有名詞,地域,一般,*,*,様似町,サマニチョウ,サマニチョー,3/5,C1
様似郡,1353,1353,999,名詞,固有名詞,地域,一般,*,*,様似郡,サマニグン,サマニグン,3/5,C1
標津町,1353,1353,999,名詞,固有名詞,地域,一般,*,*,標津町,シベツチョウ,シベツチョー,3/5,C1
標津郡,1353,1353,999,名詞,固有名詞,地域,一般,*,*,標津郡,シベツグン,シベツグン,3/5,C1
標茶町,1353,1353,999,名詞,固有名詞,地域,一般,*,*,標茶町,シベチャチョウ,シベチャチョー,3/5,C1
横手市,1353,1353,999,名詞,固有名詞,地域,一般,*,*,横手市,ヨコテシ,ヨコテシ,3/4,C1
横浜市中区,1353,1353,999,名詞,固有名詞,地域,一般,*,*,横浜市中区,ヨコハマシナカク,ヨコハマシナカク,7/8,C1
横浜市保土ケ谷区,1353,1353,999,名詞,固有名詞,地域,一般,*,*,横浜市保土ケ谷区,ヨコハマシホドガヤク,ヨコハマシホドガヤク,9/10,C1
横浜市南区,1353,1353,999,名詞,固有名詞,地域,一般,*,*,横浜市南区,ヨコハマシミナミク,ヨコハマシミナミク,8/9,C1
横浜市戸塚区,1353,1353,999,名詞,固有名詞,地域,一般,*,*,横浜市戸塚区,ヨコハマシトツカク,ヨコハマシトツカク,8/9,C1
横浜市旭区,1353,1353,999,名詞,固有名詞,地域,一般,*,*,横浜市旭区,ヨコハマシアサヒク,ヨコハマシアサヒク,8/9,C1
横浜市栄区,1353,1353,999,名詞,固有名詞,地域,一般,*,*,横浜市栄区,ヨコハマシサカエク,ヨコハマシサカエク,8/9,C1
横浜市泉区,1353,1353,999,名詞,固有名詞,地域,一般,*,*,横浜市泉区,ヨコハマシイズミク,ヨコハマシイズミク,8/9,C1
横浜市港北区,1353,1353,999,名詞,固有名詞,地域,一般,*,*,横浜市港北区,ヨコハマシコウホクク,ヨコハマシコーホクク,9/10,C1
横浜市港南区,1353,1353,999,名詞,固有名詞,地域,一般,*,*,横浜市港南区,ヨコハマシコウナンク,ヨコハマシコーナンク,9/10,C1
横浜市瀬谷区,1353,1353,999,名詞,固有名詞,地域,一般,*,*,横浜市瀬谷区,ヨコハマシセヤク,ヨコハマシセヤク,7/8,C1
横浜市磯子区,1353,1353,999,名詞,固有名詞,地域,一般,*,*,横浜市磯子区,ヨコハマシイソゴク,ヨコハマシイソゴク,8/9,C1
横浜市神奈川区,1353,1353,999,名詞,固有名詞,地域,一般,*,*,横浜市神奈川区,ヨコハマシカナガワク,ヨコハマシカナガワク,9/10,C1
横浜市緑区,1353,1353,999,名詞,固有名詞,地域,一般,*,*,横浜市緑区,ヨコハマシミドリク,ヨコハマシミドリク,8/9,C1
横浜市西区,1353,1353,999,名詞,固有名詞,地域,一般,*,*,横浜市西区,ヨコハマシニシク,ヨコハマシニシク,7/8,C1
横浜市都筑区,1353,1353,999,名詞,固有名詞,地域,一般,*,*,横浜市都筑区,ヨコハマシツヅキク,ヨコハマシツヅキク,8/9,C1
横浜市金沢区,1353,1353,999,名詞,固有名詞,地域,一般,*,*,横浜市金沢区,ヨコハマシカナザワク,ヨコハマシカナザワク,9/10,C1
横浜市青葉区,1353,1353,999,名詞,固有名詞,地域,一般,*,*,横浜市青葉区,ヨコハマシアオバク,ヨコハマシアオバク,8/9,C1
横浜市鶴見区,1353,1353,999,名詞,固有名詞,地域,一般,*,*,横浜市鶴見区,ヨコハマシツルミク,ヨコハマシツルミク,8/9,C1
横浜町,1353,1353,999,名詞,固有名詞,地域,一般,*,*,横浜町,ヨコハママチ,ヨコハママチ,4/6,C1
横瀬町,1353,1353,999,名詞,固有名詞,地域,一般,*,*,横瀬町,ヨコゼマチ,ヨコゼマチ,3/5,C1
横芝光町,1353,1353,999,名詞,固有名詞,地域,一般,*,*,横芝光町,ヨコシバヒカリマチ,ヨコシバヒカリマチ,7/9,C1
横須賀市,1353,1353,999,名詞,固有名詞,地域,一般,*,*,横須賀市,ヨコスカシ,ヨコスカシ,4/5,C1
樺戸郡,1353,1353,999,名詞,固有名詞,地域,一般,*,*,樺戸郡,カバトグン,カバトグン,3/5,C1
橋本市,1353,1353,999,名詞,固有名詞,地域,一般,*,*,橋本市,ハシモトシ,ハシモトシ,4/5,C1
橿原市,1353,1353,999,名詞,固有名詞,地域,一般,*,*,橿原市,カシハラシ,カシハラシ,4/5,C1
檜原村,1353,1353,999,名詞,固有名詞,地域,一般,*,*,檜原村,ヒノハラムラ,ヒノハラムラ,4/6,C1
檜山郡,1353,1353,999,名詞,固有名詞,地域,一般,*,*,檜山郡,ヒヤマグン,ヒヤマグン,3/5,C1
檜枝岐村,1353,1353,999,名詞,固有名詞,地域,一般,*,*,檜枝岐村,ヒノエマタムラ,ヒノエマタムラ,5/7,C1
檮原町,1353,1353,999,名詞,固有名詞,地域,一般,*,*,檮原町,ユスハラチョウ,ユスハラチョー,4/6,C1
歌志内市,1353,1353,999,名詞,固有名詞,地域,一般,*,*,歌志内市,ウタシナイシ,ウタシナイシ,5/6,C1
武蔵村山市,1353,1353,999,名詞,固有名詞,地域,一般,*,*,武蔵村山市,ムサシムラヤマシ,ムサシムラヤマシ,7/8,C1
武蔵野市,1353,1353,999,名詞,固有名詞,地域,一般,*,*,武蔵野市,ムサシノシ,ムサシノシ,4/5,C1
武豊町,1353,1353,999,名詞,固有名詞,地域,一般,*,*,武豊町,タケトヨチョウ,タケトヨチョー,4/6,C1
武雄市,1353,1353,999,名詞,固有名詞,地域,一般,*,*,武雄市,タケオシ,タケオシ,3/4,C1
比企郡,1353,1353,999,名詞,固有名詞,地域,一般,*,*,比企郡,ヒキグン,ヒキグン,2/4,C1
比布町,1353,1353,999,名詞,固有名詞,地域,一般,*,*,比布町,ピップチョウ,ピップチョー,3/5,C1
毛呂山町,1353,1353,999,名詞,固有名詞,地域,一般,*,*,毛呂山町,モロヤママチ,モロヤママチ,4/6,C1
気仙沼市,1353,1353,999,名詞,固有名詞,地域,一般,*,*,気仙沼市,ケセンヌマシ,ケセンヌマシ,5/6,C1
気仙郡,1353,1353,999,名詞,固有名詞,地域,一般,*,*,気仙郡,ケセングン,ケセングン,3/5,C1
水上村,1353,1353,999,名詞,固有名詞,地域,一般,*,*,水上村,ミズカミムラ,ミズカミムラ,4/6,C1
水俣市,1353,1353,999,名詞,固有名詞,地域,一般,*,*,水俣市,ミナマタシ,ミナマタシ,4/5,C1
水巻町,1353,1353,999,名詞,固有名詞,地域,一般,*,*,水巻町,ミズマキマチ,ミズマキマチ,4/6,C1
水戸市,1353,1353,999,名詞,固有名詞,地域,一般,*,*,水戸市,ミトシ,ミトシ,2/3,C1
氷川町,1353,1353,999,名詞,固有名詞,地域,一般,*,*,氷川町,ヒカワチョウ,ヒカワチョー,3/5,C1
氷見市,1353,1353,999,名詞,固有名詞,地域,一般,*,*,氷見市,ヒミシ,ヒミシ,2/3,C1
永平寺町,1353,1353,999,名詞,固有名詞,地域,一般,*,*,永平寺町,エイヘイジチョウ,エーヘージチョー,5/7,C1
江別市,1353,1353,999,名詞,固有名詞,地域,一般,*,*,江別市,エベツシ,エベツシ,3/4,C1
江北町,1353,1353,999,名詞,固有名詞,地域,一般,*,*,江北町,コウホクマチ,コーホクマチ,4/6,C1
江南市,1353,1353,999,名詞,固有名詞,地域,一般,*,*,江南市,コウナンシ,コーナンシ,4/5,C1
江差町,1353,1353,999,名詞,固有名詞,地域,一般,*,*,江差町,エサシチョウ,エサシチョー,3/5,C1
江府町,1353,1353,999,名詞,固有名詞,地域,一般,*,*,江府町,コウフチョウ,コーフチョー,3/5,C1
江戸川区,1353,1353,999,名詞,固有名詞,地域,一般,*,*,江戸川区,エドガワク,エドガワク,4/5,C1
江東区,1353,1353,999,名詞,固有名詞,地域,一般,*,*,江東区,コウトウク,コートーク,4/5,C1
江津市,1353,1353,999,名詞,固有名詞,地域,一般,*,*,江津市,ゴウツシ,ゴーツシ,3/4,C1
江田島市,1353,1353,999,名詞,固有名詞,地域,一般,*,*,江田島市,エタジマシ,エタジマシ,4/5,C1
池田市,1353,1353,999,名詞,固有名詞,地域,一般,*,*,池田市,イケダシ,イケダシ,3/4,C1
沖縄市,1353,1353,999,名詞,固有名詞,地域,一般,*,*,沖縄市,オキナワシ,オキナワシ,4/5,C1
沙流郡,1353,1353,999,名詞,固有名詞,地域,一般,*,*,沙流郡,サルグン,サルグン,2/4,C1
河内町,1353,1353,999,名詞,固有名詞,地域,一般,*,*,河内町,カワチマチ,カワチマチ,3/5,C1
河内郡,1353,1353,999,名詞,固有名詞,地域,一般,*,*,河内郡,カワチグン,カワチグン,3/5,C1
河内長野市,1353,1353,999,名詞,固有名詞,地域,一般,*,*,河内長野市,カワチナガノシ,カワチナガノシ,6/7,C1
河北町,1353,1353,999,名詞,固有名詞,地域,一般,*,*,河北町,カホクチョウ,カホクチョー,3/5,C1
河北郡,1353,1353,999,名詞,固有名詞,地域,一般,*,*,河北郡,カホクグン,カホクグン,3/5,C1
河南町,1353,1353,999,名詞,固有名詞,地域,一般,*,*,河南町,カナンチョウ,カナンチョー,3/5,C1
河合町,1353,1353,999,名詞,固有名詞,地域,一般,*,*,河合町,カワイチョウ,カワイチョー,3/5,C1
河東郡,1353,1353,999,名詞,固有名詞,地域,一般,*,*,河東郡,カトウグン,カトーグン,3/5,C1
河沼郡,1353,1353,999,名詞,固有名詞,地域,一般,*,*,河沼郡,カワヌマグン,カワヌマグン,4/6,C1
河津町,1353,1353,999,名詞,固有名詞,地域,一般,*,*,河津町,カワヅチョウ,カワヅチョー,3/5,C1
河西郡,1353,1353,999,名詞,固有名詞,地域,一般,*,*,河西郡,カサイグン,カサイグン,3/5,C1
沼津市,1353,1353,999,名詞,固有名詞,地域,一般,*,*,沼津市,ヌマヅシ,ヌマヅシ,3/4,C1
沼田市,1353,1353,999,名詞,固有名詞,地域,一般,*,*,沼田市,ヌマタシ,ヌマタシ,3/4,C1
沼田町,1353,1353,999,名詞,固有名詞,地域,一般,*,*,沼田町,ヌマタチョウ,ヌマタチョー,3/5,C1
泉佐野市,1353,1353,999,名詞,固有名詞,地域,一般,*,*,泉佐野市,イズミサノシ,イズミサノシ,5/6,C1
泉北郡,1353,1353,999,名詞,固有名詞,地域,一般,*,*,泉北郡,センボクグン,センボクグン,4/6,C1
泉南市,1353,1353,999,名詞,固有名詞,地域,一般,*,*,泉南市,センナンシ,センナンシ,4/5,C1
泉南郡,1353,1353,999,名詞,固有名詞,地域,一般,*,*,泉南郡,センナングン,センナングン,4/6,C1
泉大津市,1353,1353,999,名詞,固有名詞,地域,一般,*,*,泉大津市,イズミオオツシ,イズミオーツシ,6/7,C1
泉崎村,1353,1353,999,名詞,固有名詞,地域,一般,*,*,泉崎村,イズミザキムラ,イズミザキムラ,5/7,C1
泊村,1353,1353,999,名詞,固有名詞,地域,一般,*,*,泊村,トマリムラ,トマリムラ,3/5,C1
波佐見町,1353,1353,999,名詞,固有名詞,地域,一般,*,*,波佐見町,ハサミチョウ,ハサミチョー,3/5,C1
泰阜村,1353,1353,999,名詞,固有名詞,地域,一般,*,*,泰阜村,ヤスオカムラ,ヤスオカムラ,4/6,C1
洋野町,1353,1353,999,名詞,固有名詞,地域,一般,*,*,洋野町,ヒロノチョウ,ヒロノチョー,3/5,C1
洞爺湖町,1353,1353,999,名詞,固有名詞,地域,一般,*,*,洞爺湖町,トウヤコチョウ,トーヤコチョー,4/6,C1
津久見市,1353,1353,999,名詞,固有名詞,地域,一般,*,*,津久見市,ツクミシ,ツクミシ,3/4,C1
津別町,1353,1353,999,名詞,固有名詞,地域,一般,*,*,津別町,ツベツチョウ,ツベツチョー,3/5,C1
津南町,1353,1353,999,名詞,固有名詞,地域,一般,*,*,津南町,ツナンマチ,ツナンマチ,3/5,C1
津和野町,1353,1353,999,名詞,固有名詞,地域,一般,*,*,津和野町,ツワノチョウ,ツワノチョー,3/5,C1
津奈木町,1353,1353,999,名詞,固有名詞,地域,一般,*,*,津奈木町,ツナギマチ,ツナギマチ,3/5,C1
津山市,1353,1353,999,名詞,固有名詞,地域,一般,*,*,津山市,ツヤマシ,ツヤマシ,3/4,C1
津島市,1353,1353,999,名詞,固有名詞,地域,一般,*,*,津島市,ツシマシ,ツシマシ,3/4,C1
津市,1353,1353,999,名詞,固有名詞,地域,一般,*,*,津市,ツシ,ツシ,1/2,C1
津幡町,1353,1353,999,名詞,固有名詞,地域,一般,*,*,津幡町,ツバタマチ,ツバタマチ,3/5,C1
津野町,1353,1353,999,名詞,固有名詞,地域,一般,*,*,津野町,ツノチョウ,ツノチョー,2/4,C1
洲本市,1353,1353,999,名詞,固有名詞,地域,一般,*,*,洲本市,スモトシ,スモトシ,3/4,C1
流山市,1353,1353,999,名詞,固有名詞,地域,一般,*,*,流山市,ナガレヤマシ,ナガレヤマシ,5/6,C1
浅口市,1353,1353,999,名詞,固有名詞,地域,一般,*,*,浅口市,アサクチシ,アサクチシ,4/5,C1
浅口郡,1353,1353,999,名詞,固有名詞,地域,一般,*,*,浅口郡,アサクチグン,アサクチグン,4/6,C1
浅川町,1353,1353,999,名詞,固有名詞,地域,一般,*,*,浅川町,アサカワマチ,アサカワマチ,4/6,C1
浜中町,1353,1353,999,名詞,固有名詞,地域,一般,*,*,浜中町,ハマナカチョウ,ハマナカチョー,4/6,C1
浜松市中央区,1353,1353,999,名詞,固有名詞,地域,一般,*,*,浜松市中央区,ハママツシチュウオウク,ハママツシチューオーク,9/10,C1
浜松市天竜区,1353,1353,999,名詞,固有名詞,地域,一般,*,*,浜松市天竜区,ハママツシテンリュウク,ハママツシテンリューク,9/10,C1
浜松市浜名区,1353,1353,999,名詞,固有名詞,地域,一般,*,*,浜松市浜名区,ハママツシハマナク,ハママツシハマナク,8/9,C1
浜田市,1353,1353,999,名詞,固有名詞,地域,一般,*,*,浜田市,ハマダシ,ハマダシ,3/4,C1
浜頓別町,1353,1353,999,名詞,固有名詞,地域,一般,*,*,浜頓別町,ハマトンベツチョウ,ハマトンベツチョー,6/8,C1
浦安市,1353,1353,999,名詞,固有名詞,地域,一般,*,*,浦安市,ウラヤスシ,ウラヤスシ,4/5,C1
浦幌町,1353,1353,999,名詞,固有名詞,地域,一般,*,*,浦幌町,ウラホロチョウ,ウラホロチョー,4/6,C1
浦河町,1353,1353,999,名詞,固有名詞,地域,一般,*,*,浦河町,ウラカワチョウ,ウラカワチョー,4/6,C1
浦河郡,1353,1353,999,名詞,固有名詞,地域,一般,*,*,浦河郡,ウラカワグン,ウラカワグン,4/6,C1
浦添市,1353,1353,999,名詞,固有名詞,地域,一般,*,*,浦添市,ウラソエシ,ウラソエシ,4/5,C1
浦臼町,1353,1353,999,名詞,固有名詞,地域,一般,*,*,浦臼町,ウラウスチョウ,ウラウスチョー,4/6,C1
浪江町,1353,1353,999,名詞,固有名詞,地域,一般,*,*,浪江町,ナミエマチ,ナミエマチ,3/5,C1
海南市,1353,1353,999,名詞,固有名詞,地域,一般,*,*,海南市,カイナンシ,カイナンシ,4/5,C1
海士町,1353,1353,999,名詞,固有名詞,地域,一般,*,*,海士町,アマチョウ,アマチョー,2/4,C1
海津市,1353,1353,999,名詞,固有名詞,地域,一般,*,*,海津市,カイヅシ,カイヅシ,3/4,C1
海田町,1353,1353,999,名詞,固有名詞,地域,一般,*,*,海田町,カイタチョウ,カイタチョー,3/5,C1
海老名市,1353,1353,999,名詞,固有名詞,地域,一般,*,*,海老名市,エビナシ,エビナシ,3/4,C1
海草郡,1353,1353,999,名詞,固有名詞,地域,一般,*,*,海草郡,カイソウグン,カイソーグン,4/6,C1
海部郡大治町,1353,1353,999,名詞,固有名詞,地域,一般,*,*,海部郡大治町,アマグンオオハルチョウ,アマグンオーハルチョー,8/10,C1
海部郡海陽町,1353,1353,999,名詞,固有名詞,地域,一般,*,*,海部郡海陽町,カイフグンカイヨウチョウ,カイフグンカイヨーチョー,9/11,C1
海部郡牟岐町,1353,1353,999,名詞,固有名詞,地域,一般,*,*,海部郡牟岐町,カイフグンムギチョウ,カイフグンムギチョー,7/9,C1
海部郡美波町,1353,1353,999,名詞,固有名詞,地域,一般,*,*,海部郡美波町,カイフグンミナミチョウ,カイフグンミナミチョー,8/10,C1
海部郡蟹江町,1353,1353,999,名詞,固有名詞,地域,一般,*,*,海部郡蟹江町,アマグンカニエチョウ,アマグンカニエチョー,7/9,C1
海部郡飛島村,1353,1353,999,名詞,固有名詞,地域,一般,*,*,海部郡飛島村,アマグントビシマムラ,アマグントビシマムラ,8/10,C1
海陽町,1353,1353,999,名詞,固有名詞,地域,一般,*,*,海陽町,カイヨウチョウ,カイヨーチョー,4/6,C1
涌谷町,1353,1353,999,名詞,固有名詞,地域,一般,*,*,涌谷町,ワクヤチョウ,ワクヤチョー,3/5,C1
淡路市,1353,1353,999,名詞,固有名詞,地域,一般,*,*,淡路市,アワジシ,アワジシ,3/4,C1
深川市,1353,1353,999,名詞,固有名詞,地域,一般,*,*,深川市,フカガワシ,フカガワシ,4/5,C1
深浦町,1353,1353,999,名詞,固有名詞,地域,一般,*,*,深浦町,フカウラマチ,フカウラマチ,4/6,C1
深谷市,1353,1353,999,名詞,固有名詞,地域,一般,*,*,深谷市,フカヤシ,フカヤシ,3/4,C1
添田町,1353,1353,999,名詞,固有名詞,地域,一般,*,*,添田町,ソエダマチ,ソエダマチ,3/5,C1
清川村,1353,1353,999,名詞,固有名詞,地域,一般,*,*,清川村,キヨカワムラ,キヨカワムラ,4/6,C1
清水町,1353,1353,999,名詞,固有名詞,地域,一般,*,*,清水町,シミズチョウ,シミズチョー,3/5,C1
清瀬市,1353,1353,999,名詞,固有名詞,地域,一般,*,*,清瀬市,キヨセシ,キヨセシ,3/4,C1
清里町,1353,1353,999,名詞,固有名詞,地域,一般,*,*,清里町,キヨサトチョウ,キヨサトチョー,4/6,C1
清須市,1353,1353,999,名詞,固有名詞,地域,一般,*,*,清須市,キヨスシ,キヨスシ,3/4,C1
渋川市,1353,1353,999,名詞,固有名詞,地域,一般,*,*,渋川市,シブカワシ,シブカワシ,4/5,C1
渋谷区,1353,1353,999,名詞,固有名詞,地域,一般,*,*,渋谷区,シブヤク,シブヤク,3/4,C1
渡名喜村,1353,1353,999,名詞,固有名詞,地域,一般,*,*,渡名喜村,トナキソン,トナキソン,3/5,C1
渡嘉敷村,1353,1353,999,名詞,固有名詞,地域,一般,*,*,渡嘉敷村,トカシキソン,トカシキソン,4/6,C1
港区,1353,1353,999,名詞,固有名詞,地域,一般,*,*,港区,ミナトク,ミナトク,3/4,C1
湖南市,1353,1353,999,名詞,固有名詞,地域,一般,*,*,湖南市,コナンシ,コナンシ,3/4,C1
湖西市,1353,1353,999,名詞,固有名詞,地域,一般,*,*,湖西市,コサイシ,コサイシ,3/4,C1
湧別町,1353,1353,999,名詞,固有名詞,地域,一般,*,*,湧別町,ユウベツチョウ,ユーベツチョー,4/6,C1
湧水町,1353,1353,999,名詞,固有名詞,地域,一般,*,*,湧水町,ユウスイチョウ,ユースイチョー,4/6,C1
湯前町,1353,1353,999,名詞,固有名詞,地域,一般,*,*,湯前町,ユノマエマチ,ユノマエマチ,4/6,C1
湯川村,1353,1353,999,名詞,固有名詞,地域,一般,*,*,湯川村,ユガワムラ,ユガワムラ,3/5,C1
湯梨浜町,1353,1353,999,名詞,固有名詞,地域,一般,*,*,湯梨浜町,ユリハマチョウ,ユリハマチョー,4/6,C1
湯沢市,1353,1353,999,名詞,固有名詞,地域,一般,*,*,湯沢市,ユザワシ,ユザワシ,3/4,C1
湯沢町,1353,1353,999,名詞,固有名詞,地域,一般,*,*,湯沢町,ユザワマチ,ユザワマチ,3/5,C1
湯河原町,1353,1353,999,名詞,固有名詞,地域,一般,*,*,湯河原町,ユガワラマチ,ユガワラマチ,4/6,C1
湯浅町,1353,1353,999,名詞,固有名詞,地域,一般,*,*,湯浅町,ユアサチョウ,ユアサチョー,3/5,C1
滑川市,1353,1353,999,名詞,固有名詞,地域,一般,*,*,滑川市,ナメリカワシ,ナメリカワシ,5/6,C1
滑川町,1353,1353,999,名詞,固有名詞,地域,一般,*,*,滑川町,ナメガワマチ,ナメガワマチ,4/6,C1
滝上町,1353,1353,999,名詞,固有名詞,地域,一般,*,*,滝上町,タキノウエチョウ,タキノーエチョー,5/7,C1
滝川市,1353,1353,999,名詞,固有名詞,地域,一般,*,*,滝川市,タキカワシ,タキカワシ,4/5,C1
滝沢市,1353,1353,999,名詞,固有名詞,地域,一般,*,*,滝沢市,タキザワシ,タキザワシ,4/5,C1
潟上市,1353,1353,999,名詞,固有名詞,地域,一般,*,*,潟上市,カタガミシ,カタガミシ,4/5,C1
潮来市,1353,1353,999,名詞,固有名詞,地域,一般,*,*,潮来市,イタコシ,イタコシ,3/4,C1
瀬戸内市,1353,1353,999,名詞,固有名詞,地域,一般,*,*,瀬戸内市,セトウチシ,セトーチシ,4/5,C1
瀬戸内町,1353,1353,999,名詞,固有名詞,地域,一般,*,*,瀬戸内町,セトウチチョウ,セトーチチョー,4/6,C1
瀬戸市,1353,1353,999,名詞,固有名詞,地域,一般,*,*,瀬戸市,セトシ,セトシ,2/3,C1
瀬棚郡,1353,1353,999,名詞,固有名詞,地域,一般,*,*,瀬棚郡,セタナグン,セタナグン,3/5,C1
焼津市,1353,1353,999,名詞,固有名詞,地域,一般,*,*,焼津市,ヤイヅシ,ヤイヅシ,3/4,C1
熊取町,1353,1353,999,名詞,固有名詞,地域,一般,*,*,熊取町,クマトリチョウ,クマトリチョー,4/6,C1
熊本市中央区,1353,1353,999,名詞,固有名詞,地域,一般,*,*,熊本市中央区,クマモトシチュウオウク,クマモトシチューオーク,9/10,C1
熊本市北区,1353,1353,999,名詞,固有名詞,地域,一般,*,*,熊本市北区,クマモトシキタク,クマモトシキタク,7/8,C1
熊本市南区,1353,1353,999,名詞,固有名詞,地域,一般,*,*,熊本市南区,クマモトシミナミク,クマモトシミナミク,8/9,C1
熊本市東区,1353,1353,999,名詞,固有名詞,地域,一般,*,*,熊本市東区,クマモトシヒガシク,クマモトシヒガシク,8/9,C1
熊本市西区,1353,1353,999,名詞,固有名詞,地域,一般,*,*,熊本市西区,クマモトシニシク,クマモトシニシク,7/8,C1
熊毛郡,1353,1353,999,名詞,固有名詞,地域,一般,*,*,熊毛郡,クマゲグン,クマゲグン,3/5,C1
熊谷市,1353,1353,999,名詞,固有名詞,地域,一般,*,*,熊谷市,クマガヤシ,クマガヤシ,4/5,C1
熊野市,1353,1353,999,名詞,固有名詞,地域,一般,*,*,熊野市,クマノシ,クマノシ,3/4,C1
熊野町,1353,1353,999,名詞,固有名詞,地域,一般,*,*,熊野町,クマノチョウ,クマノチョー,3/5,C1
熱海市,1353,1353,999,名詞,固有名詞,地域,一般,*,*,熱海市,アタミシ,アタミシ,3/4,C1
燕市,1353,1353,999,名詞,固有名詞,地域,一般,*,*,燕市,ツバメシ,ツバメシ,3/4,C1
爾志郡,1353,1353,999,名詞,固有名詞,地域,一般,*,*,爾志郡,ニシグン,ニシグン,2/4,C1
片品村,1353,1353,999,名詞,固有名詞,地域,一般,*,*,片品村,カタシナムラ,カタシナムラ,4/6,C1
牛久市,1353,1353,999,名詞,固有名詞,地域,一般,*,*,牛久市,ウシクシ,ウシクシ,3/4,C1
牟岐町,1353,1353,999,名詞,固有名詞,地域,一般,*,*,牟岐町,ムギチョウ,ムギチョー,2/4,C1
牡鹿郡,1353,1353,999,名詞,固有名詞,地域,一般,*,*,牡鹿郡,オシカグン,オシカグン,3/5,C1
牧之原市,1353,1353,999,名詞,固有名詞,地域,一般,*,*,牧之原市,マキノハラシ,マキノハラシ,5/6,C1
犬上郡,1353,1353,999,名詞,固有名詞,地域,一般,*,*,犬上郡,イヌカミグン,イヌカミグン,4/6,C1
犬山市,1353,1353,999,名詞,固有名詞,地域,一般,*,*,犬山市,イヌヤマシ,イヌヤマシ,4/5,C1
狛江市,1353,1353,999,名詞,固有名詞,地域,一般,*,*,狛江市,コマエシ,コマエシ,3/4,C1
狭山市,1353,1353,999,名詞,固有名詞,地域,一般,*,*,狭山市,サヤマシ,サヤマシ,3/4,C1
猪名川町,1353,1353,999,名詞,固有名詞,地域,一般,*,*,猪名川町,イナガワチョウ,イナガワチョー,4/6,C1
猪苗代町,1353,1353,999,名詞,固有名詞,地域,一般,*,*,猪苗代町,イナワシロマチ,イナワシロマチ,5/7,C1
猿島郡,1353,1353,999,名詞,固有名詞,地域,一般,*,*,猿島郡,サシマグン,サシマグン,3/5,C1
猿払村,1353,1353,999,名詞,固有名詞,地域,一般,*,*,猿払村,サルフツムラ,サルフツムラ,4/6,C1
玄海町,1353,1353,999,名詞,固有名詞,地域,一般,*,*,玄海町,ゲンカイチョウ,ゲンカイチョー,4/6,C1
玉名市,1353,1353,999,名詞,固有名詞,地域,一般,*,*,玉名市,タマナシ,タマナシ,3/4,C1
玉名郡,1353,1353,999,名詞,固有名詞,地域,一般,*,*,玉名郡,タマナグン,タマナグン,3/5,C1
玉城町,1353,1353,999,名詞,固有名詞,地域,一般,*,*,玉城町,タマキチョウ,タマキチョー,3/5,C1
玉川村,1353,1353,999,名詞,固有名詞,地域,一般,*,*,玉川村,タマカワムラ,タマカワムラ,4/6,C1
玉村町,1353,1353,999,名詞,固有名詞,地域,一般,*,*,玉村町,タマムラマチ,タマムラマチ,4/6,C1
玉東町,1353,1353,999,名詞,固有名詞,地域,一般,*,*,玉東町,ギョクトウマチ,ギョクトーマチ,4/6,C1
玉野市,1353,1353,999,名詞,固有名詞,地域,一般,*,*,玉野市,タマノシ,タマノシ,3/4,C1
王寺町,1353,1353,999,名詞,固有名詞,地域,一般,*,*,王寺町,オウジチョウ,オージチョー,3/5,C1
王滝村,1353,1353,999,名詞,固有名詞,地域,一般,*,*,王滝村,オウタキムラ,オータキムラ,4/6,C1
玖珂郡,1353,1353,999,名詞,固有名詞,地域,一般,*,*,玖珂郡,クガグン,クガグン,2/4,C1
玖珠町,1353,1353,999,名詞,固有名詞,地域,一般,*,*,玖珠町,クスマチ,クスマチ,2/4,C1
玖珠郡,1353,1353,999,名詞,固有名詞,地域,一般,*,*,玖珠郡,クスグン,クスグン,2/4,C1
珠洲市,1353,1353,999,名詞,固有名詞,地域,一般,*,*,珠洲市,スズシ,スズシ,2/3,C1
球磨村,1353,1353,999,名詞,固有名詞,地域,一般,*,*,球磨村,クマムラ,クマムラ,2/4,C1
球磨郡,1353,1353,999,名詞,固有名詞,地域,一般,*,*,球磨郡,クマグン,クマグン,2/4,C1
琴平町,1353,1353,999,名詞,固有名詞,地域,一般,*,*,琴平町,コトヒラチョウ,コトヒラチョー,4/6,C1
琴浦町,1353,1353,999,名詞,固有名詞,地域,一般,*,*,琴浦町,コトウラチョウ,コトーラチョー,4/6,C1
瑞浪市,1353,1353,999,名詞,固有名詞,地域,一般,*,*,瑞浪市,ミズナミシ,ミズナミシ,4/5,C1
瑞穂市,1353,1353,999,名詞,固有名詞,地域,一般,*,*,瑞穂市,ミズホシ,ミズホシ,3/4,C1
瑞穂町,1353,1353,999,名詞,固有名詞,地域,一般,*,*,瑞穂町,ミズホマチ,ミズホマチ,3/5,C1
甘楽町,1353,1353,999,名詞,固有名詞,地域,一般,*,*,甘楽町,カンラマチ,カンラマチ,3/5,C1
甘楽郡,1353,1353,999,名詞,固有名詞,地域,一般,*,*,甘楽郡,カンラグン,カンラグン,3/5,C1
甘楽郡南牧村,1353,1353,999,名詞,固有名詞,地域,一般,*,*,甘楽郡南牧村,カンラグンナンモクムラ,カンラグンナンモクムラ,9/11,C1
生坂村,1353,1353,999,名詞,固有名詞,地域,一般,*,*,生坂村,イクサカムラ,イクサカムラ,4/6,C1
生駒市,1353,1353,999,名詞,固有名詞,地域,一般,*,*,生駒市,イコマシ,イコマシ,3/4,C1
生駒郡,1353,1353,999,名詞,固有名詞,地域,一般,*,*,生駒郡,イコマグン,イコマグン,3/5,C1
産山村,1353,1353,999,名詞,固有名詞,地域,一般,*,*,産山村,ウブヤマムラ,ウブヤマムラ,4/6,C1
田上町,1353,1353,999,名詞,固有名詞,地域,一般,*,*,田上町,タガミマチ,タガミマチ,3/5,C1
田原市,1353,1353,999,名詞,固有名詞,地域,一般,*,*,田原市,タハラシ,タハラシ,3/4,C1
田原本町,1353,1353,999,名詞,固有名詞,地域,一般,*,*,田原本町,タワラモトチョウ,タワラモトチョー,5/7,C1
田子町,1353,1353,999,名詞,固有名詞,地域,一般,*,*,田子町,タッコマチ,タッコマチ,3/5,C1
田尻町,1353,1353,999,名詞,固有名詞,地域,一般,*,*,田尻町,タジリチョウ,タジリチョー,3/5,C1
田川市,1353,1353,999,名詞,固有名詞,地域,一般,*,*,田川市,タガワシ,タガワシ,3/4,C1
田川郡,1353,1353,999,名詞,固有名詞,地域,一般,*,*,田川郡,タガワグン,タガワグン,3/5,C1
田布施町,1353,1353,999,名詞,固有名詞,地域,一般,*,*,田布施町,タブセチョウ,タブセチョー,3/5,C1
田方郡,1353,1353,999,名詞,固有名詞,地域,一般,*,*,田方郡,タガタグン,タガタグン,3/5,C1
田村市,1353,1353,999,名詞,固有名詞,地域,一般,*,*,田村市,タムラシ,タムラシ,3/4,C1
田村郡,1353,1353,999,名詞,固有名詞,地域,一般,*,*,田村郡,タムラグン,タムラグン,3/5,C1
田舎館村,1353,1353,999,名詞,固有名詞,地域,一般,*,*,田舎館村,イナカダテムラ,イナカダテムラ,5/7,C1
田辺市,1353,1353,999,名詞,固有名詞,地域,一般,*,*,田辺市,タナベシ,タナベシ,3/4,C1
田野町,1353,1353,999,名詞,固有名詞,地域,一般,*,*,田野町,タノチョウ,タノチョー,2/4,C1
田野畑村,1353,1353,999,名詞,固有名詞,地域,一般,*,*,田野畑村,タノハタムラ,タノハタムラ,4/6,C1
由仁町,1353,1353,999,名詞,固有名詞,地域,一般,*,*,由仁町,ユニチョウ,ユニチョー,2/4,C1
由利本荘市,1353,1353,999,名詞,固有名詞,地域,一般,*,*,由利本荘市,ユリホンジョウシ,ユリホンジョーシ,6/7,C1
由布市,1353,1353,999,名詞,固有名詞,地域,一般,*,*,由布市,ユフシ,ユフシ,2/3,C1
由良町,1353,1353,999,名詞,固有名詞,地域,一般,*,*,由良町,ユラチョウ,ユラチョー,2/4,C1
甲佐町,1353,1353,999,名詞,固有名詞,地域,一般,*,*,甲佐町,コウサマチ,コーサマチ,3/5,C1
甲州市,1353,1353,999,名詞,固有名詞,地域,一般,*,*,甲州市,コウシュウシ,コーシューシ,4/5,C1
甲府市,1353,1353,999,名詞,固有名詞,地域,一般,*,*,甲府市,コウフシ,コーフシ,3/4,C1
甲斐市,1353,1353,999,名詞,固有名詞,地域,一般,*,*,甲斐市,カイシ,カイシ,2/3,C1
甲良町,1353,1353,999,名詞,固有名詞,地域,一般,*,*,甲良町,コウラチョウ,コーラチョー,3/5,C1
甲賀市,1353,1353,999,名詞,固有名詞,地域,一般,*,*,甲賀市,コウカシ,コーカシ,3/4,C1
男鹿市,1353,1353,999,名詞,固有名詞,地域,一般,*,*,男鹿市,オガシ,オガシ,2/3,C1
町田市,1353,1353,999,名詞,固有名詞,地域,一般,*,*,町田市,マチダシ,マチダシ,3/4,C1
留寿都村,1353,1353,999,名詞,固有名詞,地域,一般,*,*,留寿都村,ルスツムラ,ルスツムラ,3/5,C1
留萌市,1353,1353,999,名詞,固有名詞,地域,一般,*,*,留萌市,ルモイシ,ルモイシ,3/4,C1
留萌郡,1353,1353,999,名詞,固有名詞,地域,一般,*,*,留萌郡,ルモイグン,ルモイグン,3/5,C1
登別市,1353,1353,999,名詞,固有名詞,地域,一般,*,*,登別市,ノボリベツシ,ノボリベツシ,5/6,C1
登米市,1353,1353,999,名詞,固有名詞,地域,一般,*,*,登米市,トメシ,トメシ,2/3,C1
白井市,1353,1353,999,名詞,固有名詞,地域,一般,*,*,白井市,シロイシ,シロイシ,3/4,C1
白子町,1353,1353,999,名詞,固有名詞,地域,一般,*,*,白子町,シラコマチ,シラコマチ,3/5,C1
白山市,1353,1353,999,名詞,固有名詞,地域,一般,*,*,白山市,ハクサンシ,ハクサンシ,4/5,C1
白岡市,1353,1353,999,名詞,固有名詞,地域,一般,*,*,白岡市,シラオカシ,シラオカシ,4/5,C1
白川村,1353,1353,999,名詞,固有名詞,地域,一般,*,*,白川村,シラカワムラ,シラカワムラ,4/6,C1
白川町,1353,1353,999,名詞,固有名詞,地域,一般,*,*,白川町,シラカワチョウ,シラカワチョー,4/6,C1
白河市,1353,1353,999,名詞,固有名詞,地域,一般,*,*,白河市,シラカワシ,シラカワシ,4/5,C1
白浜町,1353,1353,999,名詞,固有名詞,地域,一般,*,*,白浜町,シラハマチョウ,シラハマチョー,4/6,C1
白石市,1353,1353,999,名詞,固有名詞,地域,一般,*,*,白石市,シロイシシ,シロイシシ,4/5,C1
白石町,1353,1353,999,名詞,固有名詞,地域,一般,*,*,白石町,シロイシチョウ,シロイシチョー,4/6,C1
白糠町,1353,1353,999,名詞,固有名詞,地域,一般,*,*,白糠町,シラヌカチョウ,シラヌカチョー,4/6,C1
白糠郡,1353,1353,999,名詞,固有名詞,地域,一般,*,*,白糠郡,シラヌカグン,シラヌカグン,4/6,C1
白老町,1353,1353,999,名詞,固有名詞,地域,一般,*,*,白老町,シラオイチョウ,シラオイチョー,4/6,C1
白老郡,1353,1353,999,名詞,固有名詞,地域,一般,*,*,白老郡,シラオイグン,シラオイグン,4/6,C1
白馬村,1353,1353,999,名詞,固有名詞,地域,一般,*,*,白馬村,ハクバムラ,ハクバムラ,3/5,C1
白鷹町,1353,1353,999,名詞,固有名詞,地域,一般,*,*,白鷹町,シラタカマチ,シラタカマチ,4/6,C1
皆野町,1353,1353,999,名詞,固有名詞,地域,一般,*,*,皆野町,ミナノマチ,ミナノマチ,3/5,C1
益城町,1353,1353,999,名詞,固有名詞,地域,一般,*,*,益城町,マシキマチ,マシキマチ,3/5,C1
益子町,1353,1353,999,名詞,固有名詞,地域,一般,*,*,益子町,マシコマチ,マシコマチ,3/5,C1
益田市,1353,1353,999,名詞,固有名詞,地域,一般,*,*,益田市,マスダシ,マスダシ,3/4,C1
盛岡市,1353,1353,999,名詞,固有名詞,地域,一般,*,*,盛岡市,モリオカシ,モリオカシ,4/5,C1
目梨郡,1353,1353,999,名詞,固有名詞,地域,一般,*,*,目梨郡,メナシグン,メナシグン,3/5,C1
目黒区,1353,1353,999,名詞,固有名詞,地域,一般,*,*,目黒区,メグロク,メグロク,3/4,C1
直島町,1353,1353,999,名詞,固有名詞,地域,一般,*,*,直島町,ナオシマチョウ,ナオシマチョー,4/6,C1
直方市,1353,1353,999,名詞,固有名詞,地域,一般,*,*,直方市,ノオガタシ,ノーガタシ,4/5,C1
相楽郡,1353,1353,999,名詞,固有名詞,地域,一般,*,*,相楽郡,ソウラクグン,ソーラクグン,4/6,C1
相模原市中央区,1353,1353,999,名詞,固有名詞,地域,一般,*,*,相模原市中央区,サガミハラシチュウオウク,サガミハラシチューオーク,10/11,C1
相模原市南区,1353,1353,999,名詞,固有名詞,地域,一般,*,*,相模原市南区,サガミハラシミナミク,サガミハラシミナミク,9/10,C1
相模原市緑区,1353,1353,999,名詞,固有名詞,地域,一般,*,*,相模原市緑区,サガミハラシミドリク,サガミハラシミドリク,9/10,C1
相生市,1353,1353,999,名詞,固有名詞,地域,一般,*,*,相生市,アイオイシ,アイオイシ,4/5,C1
相良村,1353,1353,999,名詞,固有名詞,地域,一般,*,*,相良村,サガラムラ,サガラムラ,3/5,C1
相馬市,1353,1353,999,名詞,固有名詞,地域,一般,*,*,相馬市,ソウマシ,ソーマシ,3/4,C1
相馬郡,1353,1353,999,名詞,固有名詞,地域,一般,*,*,相馬郡,ソウマグン,ソーマグン,3/5,C1
真室川町,1353,1353,999,名詞,固有名詞,地域,一般,*,*,真室川町,マムロガワマチ,マムロガワマチ,5/7,C1
真岡市,1353,1353,999,名詞,固有名詞,地域,一般,*,*,真岡市,モオカシ,モーカシ,3/4,C1
真庭市,1353,1353,999,名詞,固有名詞,地域,一般,*,*,真庭市,マニワシ,マニワシ,3/4,C1
真庭郡,1353,1353,999,名詞,固有名詞,地域,一般,*,*,真庭郡,マニワグン,マニワグン,3/5,C1
真狩村,1353,1353,999,名詞,固有名詞,地域,一般,*,*,真狩村,マッカリムラ,マッカリムラ,4/6,C1
真鶴町,1353,1353,999,名詞,固有名詞,地域,一般,*,*,真鶴町,マナヅルマチ,マナヅルマチ,4/6,C1
睦沢町,1353,1353,999,名詞,固有名詞,地域,一般,*,*,睦沢町,ムツザワマチ,ムツザワマチ,4/6,C1
矢吹町,1353,1353,999,名詞,固有名詞,地域,一般,*,*,矢吹町,ヤブキマチ,ヤブキマチ,3/5,C1
矢巾町,1353,1353,999,名詞,固有名詞,地域,一般,*,*,矢巾町,ヤハバチョウ,ヤハバチョー,3/5,C1
矢掛町,1353,1353,999,名詞,固有名詞,地域,一般,*,*,矢掛町,ヤカゲチョウ,ヤカゲチョー,3/5,C1
矢板市,1353,1353,999,名詞,固有名詞,地域,一般,*,*,矢板市,ヤイタシ,ヤイタシ,3/4,C1
矢祭町,1353,1353,999,名詞,固有名詞,地域,一般,*,*,矢祭町,ヤマツリマチ,ヤマツリマチ,4/6,C1
知内町,1353,1353,999,名詞,固有名詞,地域,一般,*,*,知内町,シリウチチョウ,シリウチチョー,4/6,C1
知名町,1353,1353,999,名詞,固有名詞,地域,一般,*,*,知名町,チナチョウ,チナチョー,2/4,C1
知多市,1353,1353,999,名詞,固有名詞,地域,一般,*,*,知多市,チタシ,チタシ,2/3,C1
知多郡,1353,1353,999,名詞,固有名詞,地域,一般,*,*,知多郡,チタグン,チタグン,2/4,C1
知夫村,1353,1353,999,名詞,固有名詞,地域,一般,*,*,知夫村,チブムラ,チブムラ,2/4,C1
知立市,1353,1353,999,名詞,固有名詞,地域,一般,*,*,知立市,チリュウシ,チリューシ,3/4,C1
石井町,1353,1353,999,名詞,固有名詞,地域,一般,*,*,石井町,イシイチョウ,イシイチョー,3/5,C1
石垣市,1353,1353,999,名詞,固有名詞,地域,一般,*,*,石垣市,イシガキシ,イシガキシ,4/5,C1
石岡市,1353,1353,999,名詞,固有名詞,地域,一般,*,*,石岡市,イシオカシ,イシオカシ,4/5,C1
石川町,1353,1353,999,名詞,固有名詞,地域,一般,*,*,石川町,イシカワマチ,イシカワマチ,4/6,C1
石川郡,1353,1353,999,名詞,固有名詞,地域,一般,*,*,石川郡,イシカワグン,イシカワグン,4/6,C1
石巻市,1353,1353,999,名詞,固有名詞,地域,一般,*,*,石巻市,イシノマキシ,イシノマキシ,5/6,C1
石狩市,1353,1353,999,名詞,固有名詞,地域,一般,*,*,石狩市,イシカリシ,イシカリシ,4/5,C1
石狩郡,1353,1353,999,名詞,固有名詞,地域,一般,*,*,石狩郡,イシカリグン,イシカリグン,4/6,C1
砂川市,1353,1353,999,名詞,固有名詞,地域,一般,*,*,砂川市,スナガワシ,スナガワシ,4/5,C1
砥部町,1353,1353,999,名詞,固有名詞,地域,一般,*,*,砥部町,トベチョウ,トベチョー,2/4,C1
砺波市,1353,1353,999,名詞,固有名詞,地域,一般,*,*,砺波市,トナミシ,トナミシ,3/4,C1
碧南市,1353,1353,999,名詞,固有名詞,地域,一般,*,*,碧南市,ヘキナンシ,ヘキナンシ,4/5,C1
磐梯町,1353,1353,999,名詞,固有名詞,地域,一般,*,*,磐梯町,バンダイマチ,バンダイマチ,4/6,C1
磐田市,1353,1353,999,名詞,固有名詞,地域,一般,*,*,磐田市,イワタシ,イワタシ,3/4,C1
磯城郡,1353,1353,999,名詞,固有名詞,地域,一般,*,*,磯城郡,シキグン,シキグン,2/4,C1
磯城郡川西町,1353,1353,999,名詞,固有名詞,地域,一般,*,*,磯城郡川西町,シキグンカワニシチョウ,シキグンカワニシチョー,8/10,C1
磯谷郡,1353,1353,999,名詞,固有名詞,地域,一般,*,*,磯谷郡,イソヤグン,イソヤグン,3/5,C1
礼文町,1353,1353,999,名詞,固有名詞,地域,一般,*,*,礼文町,レブンチョウ,レブンチョー,3/5,C1
礼文郡,1353,1353,999,名詞,固有名詞,地域,一般,*,*,礼文郡,レブングン,レブングン,3/5,C1
神埼市,1353,1353,999,名詞,固有名詞,地域,一般,*,*,神埼市,カンザキシ,カンザキシ,4/5,C1
神埼郡,1353,1353,999,名詞,固有名詞,地域,一般,*,*,神埼郡,カンザキグン,カンザキグン,4/6,C1
神山町,1353,1353,999,名詞,固有名詞,地域,一般,*,*,神山町,カミヤマチョウ,カミヤマチョー,4/6,C1
神崎町,1353,1353,999,名詞,固有名詞,地域,一般,*,*,神崎町,コウザキマチ,コーザキマチ,4/6,C1
神崎郡,1353,1353,999,名詞,固有名詞,地域,一般,*,*,神崎郡,カンザキグン,カンザキグン,4/6,C1
神川町,1353,1353,999,名詞,固有名詞,地域,一般,*,*,神川町,カミカワマチ,カミカワマチ,4/6,C1
神恵内村,1353,1353,999,名詞,固有名詞,地域,一般,*,*,神恵内村,カモエナイムラ,カモエナイムラ,5/7,C1
神戸市中央区,1353,1353,999,名詞,固有名詞,地域,一般,*,*,神戸市中央区,コウベシチュウオウク,コーベシチューオーク,8/9,C1
神戸市兵庫区,1353,1353,999,名詞,固有名詞,地域,一般,*,*,神戸市兵庫区,コウベシヒョウゴク,コーベシヒョーゴク,7/8,C1
神戸市北区,1353,1353,999,名詞,固有名詞,地域,一般,*,*,神戸市北区,コウベシキタク,コーベシキタク,6/7,C1
神戸市垂水区,1353,1353,999,名詞,固有名詞,地域,一般,*,*,神戸市垂水区,コウベシタルミク,コーベシタルミク,7/8,C1
神戸市東灘区,1353,1353,999,名詞,固有名詞,地域,一般,*,*,神戸市東灘区,コウベシヒガシナダク,コーベシヒガシナダク,9/10,C1
神戸市灘区,1353,1353,999,名詞,固有名詞,地域,一般,*,*,神戸市灘区,コウベシナダク,コーベシナダク,6/7,C1
神戸市西区,1353,1353,999,名詞,固有名詞,地域,一般,*,*,神戸市西区,コウベシニシク,コーベシニシク,6/7,C1
神戸市長田区,1353,1353,999,名詞,固有名詞,地域,一般,*,*,神戸市長田区,コウベシナガタク,コーベシナガタク,7/8,C1
神戸市須磨区,1353,1353,999,名詞,固有名詞,地域,一般,*,*,神戸市須磨区,コウベシスマク,コーベシスマク,6/7,C1
神戸町,1353,1353,999,名詞,固有名詞,地域,一般,*,*,神戸町,ゴウドチョウ,ゴードチョー,3/5,C1
神栖市,1353,1353,999,名詞,固有名詞,地域,一般,*,*,神栖市,カミスシ,カミスシ,3/4,C1
神河町,1353,1353,999,名詞,固有名詞,地域,一般,*,*,神河町,カミカワチョウ,カミカワチョー,4/6,C1
神津島村,1353,1353,999,名詞,固有名詞,地域,一般,*,*,神津島村,コウヅシマムラ,コーヅシマムラ,5/7,C1
神流町,1353,1353,999,名詞,固有名詞,地域,一般,*,*,神流町,カンナマチ,カンナマチ,3/5,C1
神石郡,1353,1353,999,名詞,固有名詞,地域,一般,*,*,神石郡,ジンセキグン,ジンセキグン,4/6,C1
神石高原町,1353,1353,999,名詞,固有名詞,地域,一般,*,*,神石高原町,ジンセキコウゲンチョウ,ジンセキコーゲンチョー,8/10,C1
福井市,1353,1353,999,名詞,固有名詞,地域,一般,*,*,福井市,フクイシ,フクイシ,3/4,C1
福山市,1353,1353,999,名詞,固有名詞,地域,一般,*,*,福山市,フクヤマシ,フクヤマシ,4/5,C1
福岡市中央区,1353,1353,999,名詞,固有名詞,地域,一般,*,*,福岡市中央区,フクオカシチュウオウク,フクオカシチューオーク,9/10,C1
福岡市南区,1353,1353,999,名詞,固有名詞,地域,一般,*,*,福岡市南区,フクオカシミナミク,フクオカシミナミク,8/9,C1
福岡市博多区,1353,1353,999,名詞,固有名詞,地域,一般,*,*,福岡市博多区,フクオカシハカタク,フクオカシハカタク,8/9,C1
福岡市城南区,1353,1353,999,名詞,固有名詞,地域,一般,*,*,福岡市城南区,フクオカシジョウナンク,フクオカシジョーナンク,9/10,C1
福岡市早良区,1353,1353,999,名詞,固有名詞,地域,一般,*,*,福岡市早良区,フクオカシサワラク,フクオカシサワラク,8/9,C1
福岡市東区,1353,1353,999,名詞,固有名詞,地域,一般,*,*,福岡市東区,フクオカシヒガシク,フクオカシヒガシク,8/9,C1
福岡市西区,1353,1353,999,名詞,固有名詞,地域,一般,*,*,福岡市西区,フクオカシニシク,フクオカシニシク,7/8,C1
福島市,1353,1353,999,名詞,固有名詞,地域,一般,*,*,福島市,フクシマシ,フクシマシ,4/5,C1
福島町,1353,1353,-551,名詞,固有名詞,地域,一般,*,*,福島町,フクシマチョウ,フクシマチョー,4/6,C1
福崎町,1353,1353,999,名詞,固有名詞,地域,一般,*,*,福崎町,フクサキチョウ,フクサキチョー,4/6,C1
福智町,1353,1353,999,名詞,固有名詞,地域,一般,*,*,福智町,フクチマチ,フクチマチ,3/5,C1
福津市,1353,1353,999,名詞,固有名詞,地域,一般,*,*,福津市,フクツシ,フクツシ,3/4,C1
福生市,1353,1353,999,名詞,固有名詞,地域,一般,*,*,福生市,フッサシ,フッサシ,3/4,C1
福知山市,1353,1353,999,名詞,固有名詞,地域,一般,*,*,福知山市,フクチヤマシ,フクチヤマシ,5/6,C1
秋田市,1353,1353,999,名詞,固有名詞,地域,一般,*,*,秋田市,アキタシ,アキタシ,3/4,C1
秦野市,1353,1353,999,名詞,固有名詞,地域,一般,*,*,秦野市,ハダノシ,ハダノシ,3/4,C1
秩父別町,1353,1353,999,名詞,固有名詞,地域,一般,*,*,秩父別町,チップベツチョウ,チップベツチョー,5/7,C1
秩父市,1353,1353,999,名詞,固有名詞,地域,一般,*,*,秩父市,チチブシ,チチブシ,3/4,C1
秩父郡,1353,1353,999,名詞,固有名詞,地域,一般,*,*,秩父郡,チチブグン,チチブグン,3/5,C1
稚内市,1353,1353,999,名詞,固有名詞,地域,一般,*,*,稚内市,ワッカナイシ,ワッカナイシ,5/6,C1
稲城市,1353,1353,999,名詞,固有名詞,地域,一般,*,*,稲城市,イナギシ,イナギシ,3/4,C1
稲敷市,1353,1353,999,名詞,固有名詞,地域,一般,*,*,稲敷市,イナシキシ,イナシキシ,4/5,C1
稲敷郡,1353,1353,999,名詞,固有名詞,地域,一般,*,*,稲敷郡,イナシキグン,イナシキグン,4/6,C1
稲沢市,1353,1353,999,名詞,固有名詞,地域,一般,*,*,稲沢市,イナザワシ,イナザワシ,4/5,C1
稲美町,1353,1353,999,名詞,固有名詞,地域,一般,*,*,稲美町,イナミチョウ,イナミチョー,3/5,C1
積丹町,1353,1353,999,名詞,固有名詞,地域,一般,*,*,積丹町,シャコタンチョウ,シャコタンチョー,4/6,C1
積丹郡,1353,1353,999,名詞,固有名詞,地域,一般,*,*,積丹郡,シャコタングン,シャコタングン,4/6,C1
穴水町,1353,1353,999,名詞,固有名詞,地域,一般,*,*,穴水町,アナミズマチ,アナミズマチ,4/6,C1
空知郡,1353,1353,999,名詞,固有名詞,地域,一般,*,*,空知郡,ソラチグン,ソラチグン,3/5,C1
立山町,1353,1353,999,名詞,固有名詞,地域,一般,*,*,立山町,タテヤママチ,タテヤママチ,4/6,C1
立川市,1353,1353,999,名詞,固有名詞,地域,一般,*,*,立川市,タチカワシ,タチカワシ,4/5,C1
立科町,1353,1353,999,名詞,固有名詞,地域,一般,*,*,立科町,タテシナマチ,タテシナマチ,4/6,C1
竜王町,1353,1353,999,名詞,固有名詞,地域,一般,*,*,竜王町,リュウオウチョウ,リューオーチョー,4/6,C1
竹原市,1353,1353,999,名詞,固有名詞,地域,一般,*,*,竹原市,タケハラシ,タケハラシ,4/5,C1
竹富町,1353,1353,999,名詞,固有名詞,地域,一般,*,*,竹富町,タケトミチョウ,タケトミチョー,4/6,C1
竹田市,1353,1353,999,名詞,固有名詞,地域,一般,*,*,竹田市,タケタシ,タケタシ,3/4,C1
笛吹市,1353,1353,999,名詞,固有名詞,地域,一般,*,*,笛吹市,フエフキシ,フエフキシ,4/5,C1
笠岡市,1353,1353,999,名詞,固有名詞,地域,一般,*,*,笠岡市,カサオカシ,カサオカシ,4/5,C1
笠松町,1353,1353,999,名詞,固有名詞,地域,一般,*,*,笠松町,カサマツチョウ,カサマツチョー,4/6,C1
笠置町,1353,1353,999,名詞,固有名詞,地域,一般,*,*,笠置町,カサギチョウ,カサギチョー,3/5,C1
笠間市,1353,1353,999,名詞,固有名詞,地域,一般,*,*,笠間市,カサマシ,カサマシ,3/4,C1
筑前町,1353,1353,999,名詞,固有名詞,地域,一般,*,*,筑前町,チクゼンマチ,チクゼンマチ,4/6,C1
筑北村,1353,1353,999,名詞,固有名詞,地域,一般,*,*,筑北村,チクホクムラ,チクホクムラ,4/6,C1
筑後市,1353,1353,999,名詞,固有名詞,地域,一般,*,*,筑後市,チクゴシ,チクゴシ,3/4,C1
筑紫野市,1353,1353,999,名詞,固有名詞,地域,一般,*,*,筑紫野市,チクシノシ,チクシノシ,4/5,C1
筑西市,1353,1353,999,名詞,固有名詞,地域,一般,*,*,筑西市,チクセイシ,チクセーシ,4/5,C1
箕輪町,1353,1353,999,名詞,固有名詞,地域,一般,*,*,箕輪町,ミノワマチ,ミノワマチ,3/5,C1
箕面市,1353,1353,999,名詞,固有名詞,地域,一般,*,*,箕面市,ミノオシ,ミノーシ,3/4,C1
箱根町,1353,1353,999,名詞,固有名詞,地域,一般,*,*,箱根町,ハコネマチ,ハコネマチ,3/5,C1
築上町,1353,1353,999,名詞,固有名詞,地域,一般,*,*,築上町,チクジョウマチ,チクジョーマチ,4/6,C1
築上郡,1353,1353,999,名詞,固有名詞,地域,一般,*,*,築上郡,チクジョウグン,チクジョーグン,4/6,C1
篠栗町,1353,1353,999,名詞,固有名詞,地域,一般,*,*,篠栗町,ササグリマチ,ササグリマチ,4/6,C1
米原市,1353,1353,999,名詞,固有名詞,地域,一般,*,*,米原市,マイバラシ,マイバラシ,4/5,C1
米子市,1353,1353,999,名詞,固有名詞,地域,一般,*,*,米子市,ヨナゴシ,ヨナゴシ,3/4,C1
米沢市,1353,1353,999,名詞,固有名詞,地域,一般,*,*,米沢市,ヨネザワシ,ヨネザワシ,4/5,C1
粕屋町,1353,1353,999,名詞,固有名詞,地域,一般,*,*,粕屋町,カスヤマチ,カスヤマチ,3/5,C1
粟国村,1353,1353,999,名詞,固有名詞,地域,一般,*,*,粟国村,アグニソン,アグニソン,3/5,C1
粟島浦村,1353,1353,999,名詞,固有名詞,地域,一般,*,*,粟島浦村,アワシマウラムラ,アワシマウラムラ,6/8,C1
精華町,1353,1353,999,名詞,固有名詞,地域,一般,*,*,精華町,セイカチョウ,セーカチョー,3/5,C1
糟屋郡,1353,1353,999,名詞,固有名詞,地域,一般,*,*,糟屋郡,カスヤグン,カスヤグン,3/5,C1
糸島市,1353,1353,999,名詞,固有名詞,地域,一般,*,*,糸島市,イトシマシ,イトシマシ,4/5,C1
糸満市,1353,1353,999,名詞,固有名詞,地域,一般,*,*,糸満市,イトマンシ,イトマンシ,4/5,C1
糸田町,1353,1353,999,名詞,固有名詞,地域,一般,*,*,糸田町,イトダマチ,イトダマチ,3/5,C1
糸魚川市,1353,1353,999,名詞,固有名詞,地域,一般,*,*,糸魚川市,イトイガワシ,イトイガワシ,5/6,C1
紀の川市,1353,1353,999,名詞,固有名詞,地域,一般,*,*,紀の川市,キノカワシ,キノカワシ,4/5,C1
紀北町,1353,1353,999,名詞,固有名詞,地域,一般,*,*,紀北町,キホクチョウ,キホクチョー,3/5,C1
紀宝町,1353,1353,999,名詞,固有名詞,地域,一般,*,*,紀宝町,キホウチョウ,キホーチョー,3/5,C1
紀美野町,1353,1353,999,名詞,固有名詞,地域,一般,*,*,紀美野町,キミノチョウ,キミノチョー,3/5,C1
紋別市,1353,1353,999,名詞,固有名詞,地域,一般,*,*,紋別市,モンベツシ,モンベツシ,4/5,C1
紋別郡,1353,1353,999,名詞,固有名詞,地域,一般,*,*,紋別郡,モンベツグン,モンベツグン,4/6,C1
紫波町,1353,1353,999,名詞,固有名詞,地域,一般,*,*,紫波町,シワチョウ,シワチョー,2/4,C1
紫波郡,1353,1353,999,名詞,固有名詞,地域,一般,*,*,紫波郡,シワグン,シワグン,2/4,C1
結城市,1353,1353,999,名詞,固有名詞,地域,一般,*,*,結城市,ユウキシ,ユーキシ,3/4,C1
結城郡,1353,1353,999,名詞,固有名詞,地域,一般,*,*,結城郡,ユウキグン,ユーキグン,3/5,C1
網走市,1353,1353,999,名詞,固有名詞,地域,一般,*,*,網走市,アバシリシ,アバシリシ,4/5,C1
網走郡,1353,1353,999,名詞,固有名詞,地域,一般,*,*,網走郡,アバシリグン,アバシリグン,4/6,C1
綴喜郡,1353,1353,999,名詞,固有名詞,地域,一般,*,*,綴喜郡,ツヅキグン,ツヅキグン,3/5,C1
綾川町,1353,1353,999,名詞,固有名詞,地域,一般,*,*,綾川町,アヤガワチョウ,アヤガワチョー,4/6,C1
綾歌郡,1353,1353,999,名詞,固有名詞,地域,一般,*,*,綾歌郡,アヤウタグン,アヤウタグン,4/6,C1
綾瀬市,1353,1353,999,名詞,固有名詞,地域,一般,*,*,綾瀬市,アヤセシ,アヤセシ,3/4,C1
綾町,1353,1353,999,名詞,固有名詞,地域,一般,*,*,綾町,アヤチョウ,アヤチョー,2/4,C1
綾部市,1353,1353,999,名詞,固有名詞,地域,一般,*,*,綾部市,アヤベシ,アヤベシ,3/4,C1
総社市,1353,1353,999,名詞,固有名詞,地域,一般,*,*,総社市,ソウジャシ,ソージャシ,3/4,C1
練馬区,1353,1353,999,名詞,固有名詞,地域,一般,*,*,練馬区,ネリマク,ネリマク,3/4,C1
置戸町,1353,1353,999,名詞,固有名詞,地域,一般,*,*,置戸町,オケトチョウ,オケトチョー,3/5,C1
羅臼町,1353,1353,999,名詞,固有名詞,地域,一般,*,*,羅臼町,ラウスチョウ,ラウスチョー,3/5,C1
美作市,1353,1353,999,名詞,固有名詞,地域,一般,*,*,美作市,ミマサカシ,ミマサカシ,4/5,C1
美咲町,1353,1353,999,名詞,固有名詞,地域,一般,*,*,美咲町,ミサキチョウ,ミサキチョー,3/5,C1
美唄市,1353,1353,999,名詞,固有名詞,地域,一般,*,*,美唄市,ビバイシ,ビバイシ,3/4,C1
美幌町,1353,1353,999,名詞,固有名詞,地域,一般,*,*,美幌町,ビホロチョウ,ビホロチョー,3/5,C1
美方郡,1353,1353,999,名詞,固有名詞,地域,一般,*,*,美方郡,ミカタグン,ミカタグン,3/5,C1
美波町,1353,1353,999,名詞,固有名詞,地域,一般,*,*,美波町,ミナミチョウ,ミナミチョー,3/5,C1
美浜町,1353,1353,999,名詞,固有名詞,地域,一般,*,*,美浜町,ミハマチョウ,ミハマチョー,3/5,C1
美浦村,1353,1353,999,名詞,固有名詞,地域,一般,*,*,美浦村,ミホムラ,ミホムラ,2/4,C1
美深町,1353,1353,999,名詞,固有名詞,地域,一般,*,*,美深町,ビフカチョウ,ビフカチョー,3/5,C1
美濃加茂市,1353,1353,999,名詞,固有名詞,地域,一般,*,*,美濃加茂市,ミノカモシ,ミノカモシ,4/5,C1
美濃市,1353,1353,999,名詞,固有名詞,地域,一般,*,*,美濃市,ミノシ,ミノシ,2/3,C1
美瑛町,1353,1353,999,名詞,固有名詞,地域,一般,*,*,美瑛町,ビエイチョウ,ビエーチョー,3/5,C1
美祢市,1353,1353,999,名詞,固有名詞,地域,一般,*,*,美祢市,ミネシ,ミネシ,2/3,C1
美郷町,1353,1353,999,名詞,固有名詞,地域,一般,*,*,美郷町,ミサトチョウ,ミサトチョー,3/5,C1
美里町,1353,1353,999,名詞,固有名詞,地域,一般,*,*,美里町,ミサトマチ,ミサトマチ,3/5,C1
美馬市,1353,1353,999,名詞,固有名詞,地域,一般,*,*,美馬市,ミマシ,ミマシ,2/3,C1
美馬郡,1353,1353,999,名詞,固有名詞,地域,一般,*,*,美馬郡,ミマグン,ミマグン,2/4,C1
羽咋市,1353,1353,999,名詞,固有名詞,地域,一般,*,*,羽咋市,ハクイシ,ハクイシ,3/4,C1
羽咋郡,1353,1353,999,名詞,固有名詞,地域,一般,*,*,羽咋郡,ハクイグン,ハクイグン,3/5,C1
羽島市,1353,1353,999,名詞,固有名詞,地域,一般,*,*,羽島市,ハシマシ,ハシマシ,3/4,C1
羽島郡,1353,1353,999,名詞,固有名詞,地域,一般,*,*,羽島郡,ハシマグン,ハシマグン,3/5,C1
羽幌町,1353,1353,999,名詞,固有名詞,地域,一般,*,*,羽幌町,ハボロチョウ,ハボロチョー,3/5,C1
羽後町,1353,1353,999,名詞,固有名詞,地域,一般,*,*,羽後町,ウゴマチ,ウゴマチ,2/4,C1
羽曳野市,1353,1353,999,名詞,固有名詞,地域,一般,*,*,羽曳野市,ハビキノシ,ハビキノシ,4/5,C1
羽村市,1353,1353,999,名詞,固有名詞,地域,一般,*,*,羽村市,ハムラシ,ハムラシ,3/4,C1
羽生市,1353,1353,999,名詞,固有名詞,地域,一般,*,*,羽生市,ハニュウシ,ハニューシ,3/4,C1
習志野市,1353,1353,999,名詞,固有名詞,地域,一般,*,*,習志野市,ナラシノシ,ナラシノシ,4/5,C1
耶麻郡,1353,1353,999,名詞,固有名詞,地域,一般,*,*,耶麻郡,ヤマグン,ヤマグン,2/4,C1
聖籠町,1353,1353,999,名詞,固有名詞,地域,一般,*,*,聖籠町,セイロウマチ,セーローマチ,4/6,C1
肝付町,1353,1353,999,名詞,固有名詞,地域,一般,*,*,肝付町,キモツキチョウ,キモツキチョー,4/6,C1
肝属郡,1353,1353,999,名詞,固有名詞,地域,一般,*,*,肝属郡,キモツキグン,キモツキグン,4/6,C1
胆沢郡,1353,1353,999,名詞,固有名詞,地域,一般,*,*,胆沢郡,イサワグン,イサワグン,3/5,C1
胎内市,1353,1353,999,名詞,固有名詞,地域,一般,*,*,胎内市,タイナイシ,タイナイシ,4/5,C1
能代市,1353,1353,999,名詞,固有名詞,地域,一般,*,*,能代市,ノシロシ,ノシロシ,3/4,C1
能勢町,1353,1353,999,名詞,固有名詞,地域,一般,*,*,能勢町,ノセチョウ,ノセチョー,2/4,C1
能登町,1353,1353,999,名詞,固有名詞,地域,一般,*,*,能登町,ノトチョウ,ノトチョー,2/4,C1
能美市,1353,1353,999,名詞,固有名詞,地域,一般,*,*,能美市,ノミシ,ノミシ,2/3,C1
能美郡,1353,1353,999,名詞,固有名詞,地域,一般,*,*,能美郡,ノミグン,ノミグン,2/4,C1
臼杵市,1353,1353,999,名詞,固有名詞,地域,一般,*,*,臼杵市,ウスキシ,ウスキシ,3/4,C1
興部町,1353,1353,999,名詞,固有名詞,地域,一般,*,*,興部町,オコッペチョウ,オコッペチョー,4/6,C1
舞鶴市,1353,1353,999,名詞,固有名詞,地域,一般,*,*,舞鶴市,マイヅルシ,マイヅルシ,4/5,C1
舟形町,1353,1353,999,名詞,固有名詞,地域,一般,*,*,舟形町,フナガタマチ,フナガタマチ,4/6,C1
舟橋村,1353,1353,999,名詞,固有名詞,地域,一般,*,*,舟橋村,フナハシムラ,フナハシムラ,4/6,C1
船井郡,1353,1353,999,名詞,固有名詞,地域,一般,*,*,船井郡,フナイグン,フナイグン,3/5,C1
船橋市,1353,1353,999,名詞,固有名詞,地域,一般,*,*,船橋市,フナバシシ,フナバシシ,4/5,C1
色麻町,1353,1353,999,名詞,固有名詞,地域,一般,*,*,色麻町,シカマチョウ,シカマチョー,3/5,C1
芝山町,1353,1353,999,名詞,固有名詞,地域,一般,*,*,芝山町,シバヤママチ,シバヤママチ,4/6,C1
芦別市,1353,1353,999,名詞,固有名詞,地域,一般,*,*,芦別市,アシベツシ,アシベツシ,4/5,C1
芦北町,1353,1353,999,名詞,固有名詞,地域,一般,*,*,芦北町,アシキタマチ,アシキタマチ,4/6,C1
芦屋市,1353,1353,999,名詞,固有名詞,地域,一般,*,*,芦屋市,アシヤシ,アシヤシ,3/4,C1
芦屋町,1353,1353,999,名詞,固有名詞,地域,一般,*,*,芦屋町,アシヤマチ,アシヤマチ,3/5,C1
花巻市,1353,1353,999,名詞,固有名詞,地域,一般,*,*,花巻市,ハナマキシ,ハナマキシ,4/5,C1
芳賀町,1353,1353,999,名詞,固有名詞,地域,一般,*,*,芳賀町,ハガマチ,ハガマチ,2/4,C1
芳賀郡,1353,1353,999,名詞,固有名詞,地域,一般,*,*,芳賀郡,ハガグン,ハガグン,2/4,C1
芸西村,1353,1353,999,名詞,固有名詞,地域,一般,*,*,芸西村,ゲイセイムラ,ゲーセームラ,4/6,C1
芽室町,1353,1353,999,名詞,固有名詞,地域,一般,*,*,芽室町,メムロチョウ,メムロチョー,3/5,C1
苅田町,1353,1353,999,名詞,固有名詞,地域,一般,*,*,苅田町,カンダマチ,カンダマチ,3/5,C1
苓北町,1353,1353,999,名詞,固有名詞,地域,一般,*,*,苓北町,レイホクマチ,レーホクマチ,4/6,C1
若桜町,1353,1353,999,名詞,固有名詞,地域,一般,*,*,若桜町,ワカサチョウ,ワカサチョー,3/5,C1
若狭町,1353,1353,999,名詞,固有名詞,地域,一般,*,*,若狭町,ワカサチョウ,ワカサチョー,3/5,C1
苫前町,1353,1353,999,名詞,固有名詞,地域,一般,*,*,苫前町,トママエチョウ,トママエチョー,4/6,C1
苫前郡,1353,1353,999,名詞,固有名詞,地域,一般,*,*,苫前郡,トママエグン,トママエグン,4/6,C1
苫小牧市,1353,1353,999,名詞,固有名詞,地域,一般,*,*,苫小牧市,トマコマイシ,トマコマイシ,5/6,C1
苫田郡,1353,1353,999,名詞,固有名詞,地域,一般,*,*,苫田郡,トマタグン,トマタグン,3/5,C1
英田郡,1353,1353,999,名詞,固有名詞,地域,一般,*,*,英田郡,アイダグン,アイダグン,3/5,C1
茂原市,1353,1353,999,名詞,固有名詞,地域,一般,*,*,茂原市,モバラシ,モバラシ,3/4,C1
茂木町,1353,1353,999,名詞,固有名詞,地域,一般,*,*,茂木町,モテギマチ,モテギマチ,3/5,C1
茅ヶ崎市,1353,1353,999,名詞,固有名詞,地域,一般,*,*,茅ヶ崎市,チガサキシ,チガサキシ,4/5,C1
茅部郡,1353,1353,999,名詞,固有名詞,地域,一般,*,*,茅部郡,カヤベグン,カヤベグン,3/5,C1
茅野市,1353,1353,999,名詞,固有名詞,地域,一般,*,*,茅野市,チノシ,チノシ,2/3,C1
茨城町,1353,1353,999,名詞,固有名詞,地域,一般,*,*,茨城町,イバラキマチ,イバラキマチ,4/6,C1
茨木市,1353,1353,999,名詞,固有名詞,地域,一般,*,*,茨木市,イバラキシ,イバラキシ,4/5,C1
草加市,1353,1353,999,名詞,固有名詞,地域,一般,*,*,草加市,ソウカシ,ソーカシ,3/4,C1
草津市,1353,1353,999,名詞,固有名詞,地域,一般,*,*,草津市,クサツシ,クサツシ,3/4,C1
草津町,1353,1353,999,名詞,固有名詞,地域,一般,*,*,草津町,クサツマチ,クサツマチ,3/5,C1
荒尾市,1353,1353,999,名詞,固有名詞,地域,一般,*,*,荒尾市,アラオシ,アラオシ,3/4,C1
荒川区,1353,1353,999,名詞,固有名詞,地域,一般,*,*,荒川区,アラカワク,アラカワク,4/5,C1
菊川市,1353,1353,999,名詞,固有名詞,地域,一般,*,*,菊川市,キクガワシ,キクガワシ,4/5,C1
菊池市,1353,1353,999,名詞,固有名詞,地域,一般,*,*,菊池市,キクチシ,キクチシ,3/4,C1
菊池郡,1353,1353,999,名詞,固有名詞,地域,一般,*,*,菊池郡,キクチグン,キクチグン,3/5,C1
菊陽町,1353,1353,999,名詞,固有名詞,地域,一般,*,*,菊陽町,キクヨウマチ,キクヨーマチ,4/6,C1
菰野町,1353,1353,999,名詞,固有名詞,地域,一般,*,*,菰野町,コモノチョウ,コモノチョー,3/5,C1
萩市,1353,1353,999,名詞,固有名詞,地域,一般,*,*,萩市,ハギシ,ハギシ,2/3,C1
葉山町,1353,1353,999,名詞,固有名詞,地域,一般,*,*,葉山町,ハヤママチ,ハヤママチ,3/5,C1
葛城市,1353,1353,999,名詞,固有名詞,地域,一般,*,*,葛城市,カツラギシ,カツラギシ,4/5,C1
葛尾村,1353,1353,999,名詞,固有名詞,地域,一般,*,*,葛尾村,カツラオムラ,カツラオムラ,4/6,C1
葛巻町,1353,1353,999,名詞,固有名詞,地域,一般,*,*,葛巻町,クズマキマチ,クズマキマチ,4/6,C1
葛飾区,1353,1353,999,名詞,固有名詞,地域,一般,*,*,葛飾区,カツシカク,カツシカク,4/5,C1
葦北郡,1353,1353,999,名詞,固有名詞,地域,一般,*,*,葦北郡,アシキタグン,アシキタグン,4/6,C1
蒲生郡,1353,1353,999,名詞,固有名詞,地域,一般,*,*,蒲生郡,ガモウグン,ガモーグン,3/5,C1
蒲郡市,1353,1353,999,名詞,固有名詞,地域,一般,*,*,蒲郡市,ガマゴオリシ,ガマゴーリシ,5/6,C1
蓬田村,1353,1353,999,名詞,固有名詞,地域,一般,*,*,蓬田村,ヨモギタムラ,ヨモギタムラ,4/6,C1
蓮田市,1353,1353,999,名詞,固有名詞,地域,一般,*,*,蓮田市,ハスダシ,ハスダシ,3/4,C1
蔵王町,1353,1353,999,名詞,固有名詞,地域,一般,*,*,蔵王町,ザオウマチ,ザオーマチ,3/5,C1
蕨市,1353,1353,999,名詞,固有名詞,地域,一般,*,*,蕨市,ワラビシ,ワラビシ,3/4,C1
薩摩川内市,1353,1353,999,名詞,固有名詞,地域,一般,*,*,薩摩川内市,サツマセンダイシ,サツマセンダイシ,7/8,C1
薩摩郡,1353,1353,999,名詞,固有名詞,地域,一般,*,*,薩摩郡,サツマグン,サツマグン,3/5,C1
藍住町,1353,1353,999,名詞,固有名詞,地域,一般,*,*,藍住町,アイズミチョウ,アイズミチョー,4/6,C1
藤井寺市,1353,1353,999,名詞,固有名詞,地域,一般,*,*,藤井寺市,フジイデラシ,フジイデラシ,5/6,C1
藤岡市,1353,1353,999,名詞,固有名詞,地域,一般,*,*,藤岡市,フジオカシ,フジオカシ,4/5,C1
藤崎町,1353,1353,999,名詞,固有名詞,地域,一般,*,*,藤崎町,フジサキマチ,フジサキマチ,4/6,C1
藤枝市,1353,1353,999,名詞,固有名詞,地域,一般,*,*,藤枝市,フジエダシ,フジエダシ,4/5,C1
藤沢市,1353,1353,999,名詞,固有名詞,地域,一般,*,*,藤沢市,フジサワシ,フジサワシ,4/5,C1
藤津郡,1353,1353,999,名詞,固有名詞,地域,一般,*,*,藤津郡,フジツグン,フジツグン,3/5,C1
藤里町,1353,1353,999,名詞,固有名詞,地域,一般,*,*,藤里町,フジサトマチ,フジサトマチ,4/6,C1
蘭越町,1353,1353,999,名詞,固有名詞,地域,一般,*,*,蘭越町,ランコシチョウ,ランコシチョー,4/6,C1
虻田郡,1353,1353,999,名詞,固有名詞,地域,一般,*,*,虻田郡,アブタグン,アブタグン,3/5,C1
蟹江町,1353,1353,999,名詞,固有名詞,地域,一般,*,*,蟹江町,カニエチョウ,カニエチョー,3/5,C1
行方市,1353,1353,999,名詞,固有名詞,地域,一般,*,*,行方市,ナメガタシ,ナメガタシ,4/5,C1
行橋市,1353,1353,999,名詞,固有名詞,地域,一般,*,*,行橋市,ユクハシシ,ユクハシシ,4/5,C1
行田市,1353,1353,999,名詞,固有名詞,地域,一般,*,*,行田市,ギョウダシ,ギョーダシ,3/4,C1
袋井市,1353,1353,999,名詞,固有名詞,地域,一般,*,*,袋井市,フクロイシ,フクロイシ,4/5,C1
袖ケ浦市,1353,1353,999,名詞,固有名詞,地域,一般,*,*,袖ケ浦市,ソデガウラシ,ソデガウラシ,5/6,C1
裾野市,1353,1353,999,名詞,固有名詞,地域,一般,*,*,裾野市,スソノシ,スソノシ,3/4,C1
西ノ島町,1353,1353,999,名詞,固有名詞,地域,一般,*,*,西ノ島町,ニシノシマチョウ,ニシノシマチョー,5/7,C1
西之表市,1353,1353,999,名詞,固有名詞,地域,一般,*,*,西之表市,ニシノオモテシ,ニシノーモテシ,6/7,C1
西予市,1353,1353,999,名詞,固有名詞,地域,一般,*,*,西予市,セイヨシ,セーヨシ,3/4,C1
西伊豆町,1353,1353,999,名詞,固有名詞,地域,一般,*,*,西伊豆町,ニシイズチョウ,ニシイズチョー,4/6,C1
西会津町,1353,1353,999,名詞,固有名詞,地域,一般,*,*,西会津町,ニシアイヅマチ,ニシアイヅマチ,5/7,C1
西伯郡,1353,1353,999,名詞,固有名詞,地域,一般,*,*,西伯郡,サイハクグン,サイハクグン,4/6,C1
西八代郡,1353,1353,999,名詞,固有名詞,地域,一般,*,*,西八代郡,ニシヤツシログン,ニシヤツシログン,6/8,C1
西原村,1353,1353,999,名詞,固有名詞,地域,一般,*,*,西原村,ニシハラムラ,ニシハラムラ,4/6,C1
西原町,1353,1353,999,名詞,固有名詞,地域,一般,*,*,西原町,ニシハラチョウ,ニシハラチョー,4/6,C1
西和賀町,1353,1353,999,名詞,固有名詞,地域,一般,*,*,西和賀町,ニシワガマチ,ニシワガマチ,4/6,C1
西多摩郡,1353,1353,999,名詞,固有名詞,地域,一般,*,*,西多摩郡,ニシタマグン,ニシタマグン,4/6,C1
西宇和郡,1353,1353,999,名詞,固有名詞,地域,一般,*,*,西宇和郡,ニシウワグン,ニシウワグン,4/6,C1
西宮市,1353,1353,-484,名詞,固有名詞,地域,一般,*,*,西宮市,ニシノミヤシ,ニシノミヤシ,5/6,C1
西尾市,1353,1353,999,名詞,固有名詞,地域,一般,*,*,西尾市,ニシオシ,ニシオシ,3/4,C1
西川町,1353,1353,999,名詞,固有名詞,地域,一般,*,*,西川町,ニシカワマチ,ニシカワマチ,4/6,C1
西彼杵郡,1353,1353,999,名詞,固有名詞,地域,一般,*,*,西彼杵郡,ニシソノギグン,ニシソノギグン,5/7,C1
西春日井郡,1353,1353,999,名詞,固有名詞,地域,一般,*,*,西春日井郡,ニシカスガイグン,ニシカスガイグン,6/8,C1
西村山郡,1353,1353,999,名詞,固有名詞,地域,一般,*,*,西村山郡,ニシムラヤマグン,ニシムラヤマグン,6/8,C1
西村山郡朝日町,1353,1353,999,名詞,固有名詞,地域,一般,*,*,西村山郡朝日町,ニシムラヤマグンアサヒマチ,ニシムラヤマグンアサヒマチ,11/13,C1
西条市,1353,1353,999,名詞,固有名詞,地域,一般,*,*,西条市,サイジョウシ,サイジョーシ,4/5,C1
西東京市,1353,1353,999,名詞,固有名詞,地域,一般,*,*,西東京市,ニシトウキョウシ,ニシトーキョーシ,6/7,C1
西松浦郡,1353,1353,999,名詞,固有名詞,地域,一般,*,*,西松浦郡,ニシマツウラグン,ニシマツーラグン,6/8,C1
西桂町,1353,1353,999,名詞,固有名詞,地域,一般,*,*,西桂町,ニシカツラチョウ,ニシカツラチョー,5/7,C1
西津軽郡,1353,1353,999,名詞,固有名詞,地域,一般,*,*,西津軽郡,ニシツガルグン,ニシツガルグン,5/7,C1
西海市,1353,1353,999,名詞,固有名詞,地域,一般,*,*,西海市,サイカイシ,サイカイシ,4/5,C1
西牟婁郡,1353,1353,999,名詞,固有名詞,地域,一般,*,*,西牟婁郡,ニシムログン,ニシムログン,4/6,C1
西白河郡,1353,1353,999,名詞,固有名詞,地域,一般,*,*,西白河郡,ニシシラカワグン,ニシシラカワグン,6/8,C1
西目屋村,1353,1353,999,名詞,固有名詞,地域,一般,*,*,西目屋村,ニシメヤムラ,ニシメヤムラ,4/6,C1
西磐井郡,1353,1353,999,名詞,固有名詞,地域,一般,*,*,西磐井郡,ニシイワイグン,ニシイワイグン,5/7,C1
西米良村,1353,1353,999,名詞,固有名詞,地域,一般,*,*,西米良村,ニシメラソン,ニシメラソン,4/6,C1
西粟倉村,1353,1353,999,名詞,固有名詞,地域,一般,*,*,西粟倉村,ニシアワクラソン,ニシアワクラソン,6/8,C1
西置賜郡,1353,1353,999,名詞,固有名詞,地域,一般,*,*,西置賜郡,ニシオキタマグン,ニシオキタマグン,6/8,C1
西脇市,1353,1353,999,名詞,固有名詞,地域,一般,*,*,西脇市,ニシワキシ,ニシワキシ,4/5,C1
西臼杵郡,1353,1353,999,名詞,固有名詞,地域,一般,*,*,西臼杵郡,ニシウスキグン,ニシウスキグン,5/7,C1
西興部村,1353,1353,999,名詞,固有名詞,地域,一般,*,*,西興部村,ニシオコッペムラ,ニシオコッペムラ,6/8,C1
西蒲原郡,1353,1353,999,名詞,固有名詞,地域,一般,*,*,西蒲原郡,ニシカンバラグン,ニシカンバラグン,6/8,C1
西諸県郡,1353,1353,999,名詞,固有名詞,地域,一般,*,*,西諸県郡,ニシモロカタグン,ニシモロカタグン,6/8,C1
西郷村,1353,1353,999,名詞,固有名詞,地域,一般,*,*,西郷村,ニシゴウムラ,ニシゴームラ,4/6,C1
西都市,1353,1353,999,名詞,固有名詞,地域,一般,*,*,西都市,サイトシ,サイトシ,3/4,C1
見附市,1353,1353,999,名詞,固有名詞,地域,一般,*,*,見附市,ミツケシ,ミツケシ,3/4,C1
観音寺市,1353,1353,999,名詞,固有名詞,地域,一般,*,*,観音寺市,カンオンジシ,カンオンジシ,5/6,C1
角田市,1353,1353,999,名詞,固有名詞,地域,一般,*,*,角田市,カクダシ,カクダシ,3/4,C1
訓子府町,1353,1353,999,名詞,固有名詞,地域,一般,*,*,訓子府町,クンネップチョウ,クンネップチョー,5/7,C1
設楽町,1353,1353,999,名詞,固有名詞,地域,一般,*,*,設楽町,シタラチョウ,シタラチョー,3/5,C1
読谷村,1353,1353,999,名詞,固有名詞,地域,一般,*,*,読谷村,ヨミタンソン,ヨミタンソン,4/6,C1
調布市,1353,1353,999,名詞,固有名詞,地域,一般,*,*,調布市,チョウフシ,チョーフシ,3/4,C1
諏訪市,1353,1353,999,名詞,固有名詞,地域,一般,*,*,諏訪市,スワシ,スワシ,2/3,C1
諏訪郡,1353,1353,999,名詞,固有名詞,地域,一般,*,*,諏訪郡,スワグン,スワグン,2/4,C1
諫早市,1353,1353,999,名詞,固有名詞,地域,一般,*,*,諫早市,イサハヤシ,イサハヤシ,4/5,C1
諸塚村,1353,1353,999,名詞,固有名詞,地域,一般,*,*,諸塚村,モロツカソン,モロツカソン,4/6,C1
豊丘村,1353,1353,999,名詞,固有名詞,地域,一般,*,*,豊丘村,トヨオカムラ,トヨーカムラ,4/6,C1
豊中市,1353,1353,999,名詞,固有名詞,地域,一般,*,*,豊中市,トヨナカシ,トヨナカシ,4/5,C1
豊前市,1353,1353,999,名詞,固有名詞,地域,一般,*,*,豊前市,ブゼンシ,ブゼンシ,3/4,C1
豊富町,1353,1353,999,名詞,固有名詞,地域,一般,*,*,豊富町,トヨトミチョウ,トヨトミチョー,4/6,C1
豊山町,1353,1353,999,名詞,固有名詞,地域,一般,*,*,豊山町,トヨヤマチョウ,トヨヤマチョー,4/6,C1
豊岡市,1353,1353,999,名詞,固有名詞,地域,一般,*,*,豊岡市,トヨオカシ,トヨーカシ,4/5,C1
豊島区,1353,1353,999,名詞,固有名詞,地域,一般,*,*,豊島区,トシマク,トシマク,3/4,C1
豊川市,1353,1353,999,名詞,固有名詞,地域,一般,*,*,豊川市,トヨカワシ,トヨカワシ,4/5,C1
豊後大野市,1353,1353,999,名詞,固有名詞,地域,一般,*,*,豊後大野市,ブンゴオオノシ,ブンゴーーノシ,6/7,C1
豊後高田市,1353,1353,999,名詞,固有名詞,地域,一般,*,*,豊後高田市,ブンゴタカダシ,ブンゴタカダシ,6/7,C1
豊明市,1353,1353,999,名詞,固有名詞,地域,一般,*,*,豊明市,トヨアケシ,トヨアケシ,4/5,C1
豊根村,1353,1353,999,名詞,固有名詞,地域,一般,*,*,豊根村,トヨネムラ,トヨネムラ,3/5,C1
豊橋市,1353,1353,999,名詞,固有名詞,地域,一般,*,*,豊橋市,トヨハシシ,トヨハシシ,4/5,C1
豊浦町,1353,1353,999,名詞,固有名詞,地域,一般,*,*,豊浦町,トヨウラチョウ,トヨーラチョー,4/6,C1
豊田市,1353,1353,999,名詞,固有名詞,地域,一般,*,*,豊田市,トヨタシ,トヨタシ,3/4,C1
豊田郡,1353,1353,999,名詞,固有名詞,地域,一般,*,*,豊田郡,トヨタグン,トヨタグン,3/5,C1
豊能町,1353,1353,999,名詞,固有名詞,地域,一般,*,*,豊能町,トヨノチョウ,トヨノチョー,3/5,C1
豊能郡,1353,1353,999,名詞,固有名詞,地域,一般,*,*,豊能郡,トヨノグン,トヨノグン,3/5,C1
豊見城市,1353,1353,999,名詞,固有名詞,地域,一般,*,*,豊見城市,トミグスクシ,トミグスクシ,5/6,C1
豊郷町,1353,1353,999,名詞,固有名詞,地域,一般,*,*,豊郷町,トヨサトチョウ,トヨサトチョー,4/6,C1
豊頃町,1353,1353,999,名詞,固有名詞,地域,一般,*,*,豊頃町,トヨコロチョウ,トヨコロチョー,4/6,C1
貝塚市,1353,1353,999,名詞,固有名詞,地域,一般,*,*,貝塚市,カイヅカシ,カイヅカシ,4/5,C1
賀茂郡,1353,1353,999,名詞,固有名詞,地域,一般,*,*,賀茂郡,カモグン,カモグン,2/4,C1
赤井川村,1353,1353,999,名詞,固有名詞,地域,一般,*,*,赤井川村,アカイガワムラ,アカイガワムラ,5/7,C1
赤平市,1353,1353,999,名詞,固有名詞,地域,一般,*,*,赤平市,アカビラシ,アカビラシ,4/5,C1
赤村,1353,1353,999,名詞,固有名詞,地域,一般,*,*,赤村,アカムラ,アカムラ,2/4,C1
赤磐市,1353,1353,999,名詞,固有名詞,地域,一般,*,*,赤磐市,アカイワシ,アカイワシ,4/5,C1
赤穂市,1353,1353,999,名詞,固有名詞,地域,一般,*,*,赤穂市,アコウシ,アコーシ,3/4,C1
赤穂郡,1353,1353,999,名詞,固有名詞,地域,一般,*,*,赤穂郡,アコウグン,アコーグン,3/5,C1
越前市,1353,1353,999,名詞,固有名詞,地域,一般,*,*,越前市,エチゼンシ,エチゼンシ,4/5,C1
越前町,1353,1353,999,名詞,固有名詞,地域,一般,*,*,越前町,エチゼンチョウ,エチゼンチョー,4/6,C1
越智郡,1353,1353,999,名詞,固有名詞,地域,一般,*,*,越智郡,オチグン,オチグン,2/4,C1
越生町,1353,1353,999,名詞,固有名詞,地域,一般,*,*,越生町,オゴセマチ,オゴセマチ,3/5,C1
越知町,1353,1353,999,名詞,固有名詞,地域,一般,*,*,越知町,オチチョウ,オチチョー,2/4,C1
越谷市,1353,1353,999,名詞,固有名詞,地域,一般,*,*,越谷市,コシガヤシ,コシガヤシ,4/5,C1
足利市,1353,1353,999,名詞,固有名詞,地域,一般,*,*,足利市,アシカガシ,アシカガシ,4/5,C1
足寄町,1353,1353,999,名詞,固有名詞,地域,一般,*,*,足寄町,アショロチョウ,アショロチョー,3/5,C1
足寄郡,1353,1353,999,名詞,固有名詞,地域,一般,*,*,足寄郡,アショログン,アショログン,3/5,C1
足柄上郡,1353,1353,999,名詞,固有名詞,地域,一般,*,*,足柄上郡,アシガラカミグン,アシガラカミグン,6/8,C1
足柄下郡,1353,1353,999,名詞,固有名詞,地域,一般,*,*,足柄下郡,アシガラシモグン,アシガラシモグン,6/8,C1
足立区,1353,1353,999,名詞,固有名詞,地域,一般,*,*,足立区,アダチク,アダチク,3/4,C1
身延町,1353,1353,999,名詞,固有名詞,地域,一般,*,*,身延町,ミノブチョウ,ミノブチョー,3/5,C1
軽井沢町,1353,1353,999,名詞,固有名詞,地域,一般,*,*,軽井沢町,カルイザワマチ,カルイザワマチ,5/7,C1
軽米町,1353,1353,999,名詞,固有名詞,地域,一般,*,*,軽米町,カルマイマチ,カルマイマチ,4/6,C1
輪之内町,1353,1353,999,名詞,固有名詞,地域,一般,*,*,輪之内町,ワノウチチョウ,ワノーチチョー,4/6,C1
輪島市,1353,1353,999,名詞,固有名詞,地域,一般,*,*,輪島市,ワジマシ,ワジマシ,3/4,C1
辰野町,1353,1353,999,名詞,固有名詞,地域,一般,*,*,辰野町,タツノマチ,タツノマチ,3/5,C1
近江八幡市,1353,1353,999,名詞,固有名詞,地域,一般,*,*,近江八幡市,オウミハチマンシ,オーミハチマンシ,7/8,C1
逗子市,1353,1353,999,名詞,固有名詞,地域,一般,*,*,逗子市,ズシシ,ズシシ,2/3,C1
速見郡,1353,1353,999,名詞,固有名詞,地域,一般,*,*,速見郡,ハヤミグン,ハヤミグン,3/5,C1
遊佐町,1353,1353,999,名詞,固有名詞,地域,一般,*,*,遊佐町,ユザマチ,ユザマチ,2/4,C1
道志村,1353,1353,999,名詞,固有名詞,地域,一般,*,*,道志村,ドウシムラ,ドーシムラ,3/5,C1
遠別町,1353,1353,999,名詞,固有名詞,地域,一般,*,*,遠別町,エンベツチョウ,エンベツチョー,4/6,C1
遠田郡,1353,1353,999,名詞,固有名詞,地域,一般,*,*,遠田郡,トオダグン,トーダグン,3/5,C1
遠賀町,1353,1353,999,名詞,固有名詞,地域,一般,*,*,遠賀町,オンガチョウ,オンガチョー,3/5,C1
遠賀郡,1353,1353,999,名詞,固有名詞,地域,一般,*,*,遠賀郡,オンガグン,オンガグン,3/5,C1
遠軽町,1353,1353,999,名詞,固有名詞,地域,一般,*,*,遠軽町,エンガルチョウ,エンガルチョー,4/6,C1
遠野市,1353,1353,999,名詞,固有名詞,地域,一般,*,*,遠野市,トオノシ,トーノシ,3/4,C1
邑南町,1353,1353,999,名詞,固有名詞,地域,一般,*,*,邑南町,オオナンチョウ,オーナンチョー,4/6,C1
邑智郡,1353,1353,999,名詞,固有名詞,地域,一般,*,*,邑智郡,オオチグン,オーチグン,3/5,C1
邑楽町,1353,1353,999,名詞,固有名詞,地域,一般,*,*,邑楽町,オウラマチ,オーラマチ,3/5,C1
邑楽郡,1353,1353,999,名詞,固有名詞,地域,一般,*,*,邑楽郡,オウラグン,オーラグン,3/5,C1
邑楽郡明和町,1353,1353,999,名詞,固有名詞,地域,一般,*,*,邑楽郡明和町,オウラグンメイワマチ,オーラグンメーワマチ,8/10,C1
那智勝浦町,1353,1353,999,名詞,固有名詞,地域,一般,*,*,那智勝浦町,ナチカツウラチョウ,ナチカツーラチョー,6/8,C1
那珂川市,1353,1353,999,名詞,固有名詞,地域,一般,*,*,那珂川市,ナカガワシ,ナカガワシ,4/5,C1
那珂川町,1353,1353,999,名詞,固有名詞,地域,一般,*,*,那珂川町,ナカガワマチ,ナカガワマチ,4/6,C1
那珂市,1353,1353,999,名詞,固有名詞,地域,一般,*,*,那珂市,ナカシ,ナカシ,2/3,C1
那珂郡,1353,1353,999,名詞,固有名詞,地域,一般,*,*,那珂郡,ナカグン,ナカグン,2/4,C1
那覇市,1353,1353,999,名詞,固有名詞,地域,一般,*,*,那覇市,ナハシ,ナハシ,2/3,C1
那賀町,1353,1353,999,名詞,固有名詞,地域,一般,*,*,那賀町,ナカチョウ,ナカチョー,2/4,C1
那賀郡,1353,1353,999,名詞,固有名詞,地域,一般,*,*,那賀郡,ナカグン,ナカグン,2/4,C1
那須塩原市,1353,1353,999,名詞,固有名詞,地域,一般,*,*,那須塩原市,ナスシオバラシ,ナスシオバラシ,6/7,C1
那須烏山市,1353,1353,999,名詞,固有名詞,地域,一般,*,*,那須烏山市,ナスカラスヤマシ,ナスカラスヤマシ,7/8,C1
那須町,1353,1353,999,名詞,固有名詞,地域,一般,*,*,那須町,ナスマチ,ナスマチ,2/4,C1
那須郡,1353,1353,999,名詞,固有名詞,地域,一般,*,*,那須郡,ナスグン,ナスグン,2/4,C1
郡上市,1353,1353,999,名詞,固有名詞,地域,一般,*,*,郡上市,グジョウシ,グジョーシ,3/4,C1
郡山市,1353,1353,999,名詞,固有名詞,地域,一般,*,*,郡山市,コオリヤマシ,コーリヤマシ,5/6,C1
都城市,1353,1353,999,名詞,固有名詞,地域,一般,*,*,都城市,ミヤコノジョウシ,ミヤコノジョーシ,6/7,C1
都留市,1353,1353,999,名詞,固有名詞,地域,一般,*,*,都留市,ツルシ,ツルシ,2/3,C1
都窪郡,1353,1353,999,名詞,固有名詞,地域,一般,*,*,都窪郡,ツクボグン,ツクボグン,3/5,C1
都農町,1353,1353,999,名詞,固有名詞,地域,一般,*,*,都農町,ツノチョウ,ツノチョー,2/4,C1
酒々井町,1353,1353,999,名詞,固有名詞,地域,一般,*,*,酒々井町,シスイマチ,シスイマチ,3/5,C1
酒田市,1353,1353,999,名詞,固有名詞,地域,一般,*,*,酒田市,サカタシ,サカタシ,3/4,C1
里庄町,1353,1353,999,名詞,固有名詞,地域,一般,*,*,里庄町,サトショウチョウ,サトショーチョー,4/6,C1
野々市市,1353,1353,999,名詞,固有名詞,地域,一般,*,*,野々市市,ノノイチシ,ノノイチシ,4/5,C1
野付郡,1353,1353,999,名詞,固有名詞,地域,一般,*,*,野付郡,ノツケグン,ノツケグン,3/5,C1
野木町,1353,1353,999,名詞,固有名詞,地域,一般,*,*,野木町,ノギマチ,ノギマチ,2/4,C1
野沢温泉村,1353,1353,999,名詞,固有名詞,地域,一般,*,*,野沢温泉村,ノザワオンセンムラ,ノザワオンセンムラ,7/9,C1
野洲市,1353,1353,999,名詞,固有名詞,地域,一般,*,*,野洲市,ヤスシ,ヤスシ,2/3,C1
野田市,1353,1353,999,名詞,固有名詞,地域,一般,*,*,野田市,ノダシ,ノダシ,2/3,C1
野田村,1353,1353,999,名詞,固有名詞,地域,一般,*,*,野田村,ノダムラ,ノダムラ,2/4,C1
野辺地町,1353,1353,999,名詞,固有名詞,地域,一般,*,*,野辺地町,ノヘジマチ,ノヘジマチ,3/5,C1
野迫川村,1353,1353,999,名詞,固有名詞,地域,一般,*,*,野迫川村,ノセガワムラ,ノセガワムラ,4/6,C1
金ケ崎町,1353,1353,999,名詞,固有名詞,地域,一般,*,*,金ケ崎町,カネガサキチョウ,カネガサキチョー,5/7,C1
金山町,1353,1353,999,名詞,固有名詞,地域,一般,*,*,金山町,カネヤママチ,カネヤママチ,4/6,C1
金武町,1353,1353,999,名詞,固有名詞,地域,一般,*,*,金武町,キンチョウ,キンチョー,2/4,C1
金沢市,1353,1353,999,名詞,固有名詞,地域,一般,*,*,金沢市,カナザワシ,カナザワシ,4/5,C1
釜石市,1353,1353,999,名詞,固有名詞,地域,一般,*,*,釜石市,カマイシシ,カマイシシ,4/5,C1
釧路市,1353,1353,999,名詞,固有名詞,地域,一般,*,*,釧路市,クシロシ,クシロシ,3/4,C1
釧路町,1353,1353,999,名詞,固有名詞,地域,一般,*,*,釧路町,クシロチョウ,クシロチョー,3/5,C1
釧路郡,1353,1353,999,名詞,固有名詞,地域,一般,*,*,釧路郡,クシログン,クシログン,3/5,C1
鈴鹿市,1353,1353,999,名詞,固有名詞,地域,一般,*,*,鈴鹿市,スズカシ,スズカシ,3/4,C1
鉾田市,1353,1353,999,名詞,固有名詞,地域,一般,*,*,鉾田市,ホコタシ,ホコタシ,3/4,C1
銚子市,1353,1353,999,名詞,固有名詞,地域,一般,*,*,銚子市,チョウシシ,チョーシシ,3/4,C1
鋸南町,1353,1353,999,名詞,固有名詞,地域,一般,*,*,鋸南町,キョナンマチ,キョナンマチ,3/5,C1
錦江町,1353,1353,999,名詞,固有名詞,地域,一般,*,*,錦江町,キンコウチョウ,キンコーチョー,4/6,C1
錦町,1353,1353,999,名詞,固有名詞,地域,一般,*,*,錦町,ニシキマチ,ニシキマチ,3/5,C1
鎌ケ谷市,1353,1353,999,名詞,固有名詞,地域,一般,*,*,鎌ケ谷市,カマガヤシ,カマガヤシ,4/5,C1
鎌倉市,1353,1353,999,名詞,固有名詞,地域,一般,*,*,鎌倉市,カマクラシ,カマクラシ,4/5,C1
鏡石町,1353,1353,999,名詞,固有名詞,地域,一般,*,*,鏡石町,カガミイシマチ,カガミイシマチ,5/7,C1
鏡野町,1353,1353,999,名詞,固有名詞,地域,一般,*,*,鏡野町,カガミノチョウ,カガミノチョー,4/6,C1
長万部町,1353,1353,999,名詞,固有名詞,地域,一般,*,*,長万部町,オシャマンベチョウ,オシャマンベチョー,5/7,C1
長与町,1353,1353,999,名詞,固有名詞,地域,一般,*,*,長与町,ナガヨチョウ,ナガヨチョー,3/5,C1
長久手市,1353,1353,999,名詞,固有名詞,地域,一般,*,*,長久手市,ナガクテシ,ナガクテシ,4/5,C1
長井市,1353,1353,999,名詞,固有名詞,地域,一般,*,*,長井市,ナガイシ,ナガイシ,3/4,C1
長南町,1353,1353,999,名詞,固有名詞,地域,一般,*,*,長南町,チョウナンマチ,チョーナンマチ,4/6,C1
長和町,1353,1353,999,名詞,固有名詞,地域,一般,*,*,長和町,ナガワマチ,ナガワマチ,3/5,C1
長岡京市,1353,1353,999,名詞,固有名詞,地域,一般,*,*,長岡京市,ナガオカキョウシ,ナガオカキョーシ,6/7,C1
長岡市,1353,1353,999,名詞,固有名詞,地域,一般,*,*,長岡市,ナガオカシ,ナガオカシ,4/5,C1
長岡郡,1353,1353,999,名詞,固有名詞,地域,一般,*,*,長岡郡,ナガオカグン,ナガオカグン,4/6,C1
長島町,1353,1353,999,名詞,固有名詞,地域,一般,*,*,長島町,ナガシマチョウ,ナガシマチョー,4/6,C1
長崎市,1353,1353,999,名詞,固有名詞,地域,一般,*,*,長崎市,ナガサキシ,ナガサキシ,4/5,C1
長柄町,1353,1353,999,名詞,固有名詞,地域,一般,*,*,長柄町,ナガラマチ,ナガラマチ,3/5,C1
長沼町,1353,1353,999,名詞,固有名詞,地域,一般,*,*,長沼町,ナガヌマチョウ,ナガヌマチョー,4/6,C1
長泉町,1353,1353,999,名詞,固有名詞,地域,一般,*,*,長泉町,ナガイズミチョウ,ナガイズミチョー,5/7,C1
長洲町,1353,1353,999,名詞,固有名詞,地域,一般,*,*,長洲町,ナガスマチ,ナガスマチ,3/5,C1
長浜市,1353,1353,999,名詞,固有名詞,地域,一般,*,*,長浜市,ナガハマシ,ナガハマシ,4/5,C1
長瀞町,1353,1353,999,名詞,固有名詞,地域,一般,*,*,長瀞町,ナガトロマチ,ナガトロマチ,4/6,C1
長生村,1353,1353,999,名詞,固有名詞,地域,一般,*,*,長生村,チョウセイムラ,チョーセームラ,4/6,C1
長生郡,1353,1353,999,名詞,固有名詞,地域,一般,*,*,長生郡,チョウセイグン,チョーセーグン,4/6,C1
長野原町,1353,1353,999,名詞,固有名詞,地域,一般,*,*,長野原町,ナガノハラマチ,ナガノハラマチ,5/7,C1
長野市,1353,1353,999,名詞,固有名詞,地域,一般,*,*,長野市,ナガノシ,ナガノシ,3/4,C1
長門市,1353,1353,999,名詞,固有名詞,地域,一般,*,*,長門市,ナガトシ,ナガトシ,3/4,C1
門川町,1353,1353,999,名詞,固有名詞,地域,一般,*,*,門川町,カドガワチョウ,カドガワチョー,4/6,C1
門真市,1353,1353,999,名詞,固有名詞,地域,一般,*,*,門真市,カドマシ,カドマシ,3/4,C1
開成町,1353,1353,999,名詞,固有名詞,地域,一般,*,*,開成町,カイセイマチ,カイセーマチ,4/6,C1
関ケ原町,1353,1353,999,名詞,固有名詞,地域,一般,*,*,関ケ原町,セキガハラチョウ,セキガハラチョー,5/7,C1
関川村,1353,1353,999,名詞,固有名詞,地域,一般,*,*,関川村,セキカワムラ,セキカワムラ,4/6,C1
関市,1353,1353,999,名詞,固有名詞,地域,一般,*,*,関市,セキシ,セキシ,2/3,C1
阪南市,1353,1353,999,名詞,固有名詞,地域,一般,*,*,阪南市,ハンナンシ,ハンナンシ,4/5,C1
防府市,1353,1353,999,名詞,固有名詞,地域,一般,*,*,防府市,ホウフシ,ホーフシ,3/4,C1
阿久根市,1353,1353,999,名詞,固有名詞,地域,一般,*,*,阿久根市,アクネシ,アクネシ,3/4,C1
阿久比町,1353,1353,999,名詞,固有名詞,地域,一般,*,*,阿久比町,アグイチョウ,アグイチョー,3/5,C1
阿南市,1353,1353,999,名詞,固有名詞,地域,一般,*,*,阿南市,アナンシ,アナンシ,3/4,C1
阿南町,1353,1353,999,名詞,固有名詞,地域,一般,*,*,阿南町,アナンチョウ,アナンチョー,3/5,C1
阿寒郡,1353,1353,999,名詞,固有名詞,地域,一般,*,*,阿寒郡,アカングン,アカングン,3/5,C1
阿智村,1353,1353,999,名詞,固有名詞,地域,一般,*,*,阿智村,アチムラ,アチムラ,2/4,C1
阿武町,1353,1353,999,名詞,固有名詞,地域,一般,*,*,阿武町,アブチョウ,アブチョー,2/4,C1
阿武郡,1353,1353,999,名詞,固有名詞,地域,一般,*,*,阿武郡,アブグン,アブグン,2/4,C1
阿波市,1353,1353,999,名詞,固有名詞,地域,一般,*,*,阿波市,アワシ,アワシ,2/3,C1
阿蘇市,1353,1353,999,名詞,固有名詞,地域,一般,*,*,阿蘇市,アソシ,アソシ,2/3,C1
阿蘇郡,1353,1353,999,名詞,固有名詞,地域,一般,*,*,阿蘇郡,アソグン,アソグン,2/4,C1
阿見町,1353,1353,999,名詞,固有名詞,地域,一般,*,*,阿見町,アミマチ,アミマチ,2/4,C1
阿賀町,1353,1353,999,名詞,固有名詞,地域,一般,*,*,阿賀町,アガマチ,アガマチ,2/4,C1
阿賀野市,1353,1353,999,名詞,固有名詞,地域,一般,*,*,阿賀野市,アガノシ,アガノシ,3/4,C1
陸別町,1353,1353,999,名詞,固有名詞,地域,一般,*,*,陸別町,リクベツチョウ,リクベツチョー,4/6,C1
陸前高田市,1353,1353,999,名詞,固有名詞,地域,一般,*,*,陸前高田市,リクゼンタカタシ,リクゼンタカタシ,7/8,C1
階上町,1353,1353,999,名詞,固有名詞,地域,一般,*,*,階上町,ハシカミチョウ,ハシカミチョー,4/6,C1
隠岐の島町,1353,1353,999,名詞,固有名詞,地域,一般,*,*,隠岐の島町,オキノシマチョウ,オキノシマチョー,5/7,C1
隠岐郡,1353,1353,999,名詞,固有名詞,地域,一般,*,*,隠岐郡,オキグン,オキグン,2/4,C1
雄勝郡,1353,1353,999,名詞,固有名詞,地域,一般,*,*,雄勝郡,オガチグン,オガチグン,3/5,C1
雄武町,1353,1353,999,名詞,固有名詞,地域,一般,*,*,雄武町,オウムチョウ,オームチョー,3/5,C1
雨竜町,1353,1353,999,名詞,固有名詞,地域,一般,*,*,雨竜町,ウリュウチョウ,ウリューチョー,3/5,C1
雨竜郡,1353,1353,999,名詞,固有名詞,地域,一般,*,*,雨竜郡,ウリュウグン,ウリューグン,3/5,C1
雫石町,1353,1353,999,名詞,固有名詞,地域,一般,*,*,雫石町,シズクイシチョウ,シズクイシチョー,5/7,C1
雲仙市,1353,1353,999,名詞,固有名詞,地域,一般,*,*,雲仙市,ウンゼンシ,ウンゼンシ,4/5,C1
雲南市,1353,1353,999,名詞,固有名詞,地域,一般,*,*,雲南市,ウンナンシ,ウンナンシ,4/5,C1
霧島市,1353,1353,999,名詞,固有名詞,地域,一般,*,*,霧島市,キリシマシ,キリシマシ,4/5,C1
青ヶ島村,1353,1353,999,名詞,固有名詞,地域,一般,*,*,青ヶ島村,アオガシマムラ,アオガシマムラ,5/7,C1
青木村,1353,1353,999,名詞,固有名詞,地域,一般,*,*,青木村,アオキムラ,アオキムラ,3/5,C1
青梅市,1353,1353,999,名詞,固有名詞,地域,一般,*,*,青梅市,オウメシ,オーメシ,3/4,C1
青森市,1353,1353,999,名詞,固有名詞,地域,一般,*,*,青森市,アオモリシ,アオモリシ,4/5,C1
静岡市清水区,1353,1353,999,名詞,固有名詞,地域,一般,*,*,静岡市清水区,シズオカシシミズク,シズオカシシミズク,8/9,C1
静岡市葵区,1353,1353,999,名詞,固有名詞,地域,一般,*,*,静岡市葵区,シズオカシアオイク,シズオカシアオイク,8/9,C1
静岡市駿河区,1353,1353,999,名詞,固有名詞,地域,一般,*,*,静岡市駿河区,シズオカシスルガク,シズオカシスルガク,8/9,C1
鞍手町,1353,1353,999,名詞,固有名詞,地域,一般,*,*,鞍手町,クラテマチ,クラテマチ,3/5,C1
鞍手郡,1353,1353,999,名詞,固有名詞,地域,一般,*,*,鞍手郡,クラテグン,クラテグン,3/5,C1
韮崎市,1353,1353,999,名詞,固有名詞,地域,一般,*,*,韮崎市,ニラサキシ,ニラサキシ,4/5,C1
音威子府村,1353,1353,999,名詞,固有名詞,地域,一般,*,*,音威子府村,オトイネップムラ,オトイネップムラ,6/8,C1
音更町,1353,1353,999,名詞,固有名詞,地域,一般,*,*,音更町,オトフケチョウ,オトフケチョー,4/6,C1
須坂市,1353,1353,999,名詞,固有名詞,地域,一般,*,*,須坂市,スザカシ,スザカシ,3/4,C1
須崎市,1353,1353,999,名詞,固有名詞,地域,一般,*,*,須崎市,スサキシ,スサキシ,3/4,C1
須惠町,1353,1353,999,名詞,固有名詞,地域,一般,*,*,須惠町,スエマチ,スエマチ,2/4,C1
須賀川市,1353,1353,999,名詞,固有名詞,地域,一般,*,*,須賀川市,スカガワシ,スカガワシ,4/5,C1
額田郡,1353,1353,999,名詞,固有名詞,地域,一般,*,*,額田郡,ヌカタグン,ヌカタグン,3/5,C1
風間浦村,1353,1353,999,名詞,固有名詞,地域,一般,*,*,風間浦村,カザマウラムラ,カザマウラムラ,5/7,C1
飛島村,1353,1353,999,名詞,固有名詞,地域,一般,*,*,飛島村,トビシマムラ,トビシマムラ,4/6,C1
飛騨市,1353,1353,999,名詞,固有名詞,地域,一般,*,*,飛騨市,ヒダシ,ヒダシ,2/3,C1
飯南町,1353,1353,999,名詞,固有名詞,地域,一般,*,*,飯南町,イイナンチョウ,イイナンチョー,4/6,C1
飯塚市,1353,1353,999,名詞,固有名詞,地域,一般,*,*,飯塚市,イイヅカシ,イイヅカシ,4/5,C1
飯山市,1353,1353,999,名詞,固有名詞,地域,一般,*,*,飯山市,イイヤマシ,イイヤマシ,4/5,C1
飯島町,1353,1353,999,名詞,固有名詞,地域,一般,*,*,飯島町,イイジママチ,イイジママチ,4/6,C1
飯田市,1353,1353,999,名詞,固有名詞,地域,一般,*,*,飯田市,イイダシ,イイダシ,3/4,C1
飯石郡,1353,1353,999,名詞,固有名詞,地域,一般,*,*,飯石郡,イイシグン,イイシグン,3/5,C1
飯綱町,1353,1353,999,名詞,固有名詞,地域,一般,*,*,飯綱町,イイヅナマチ,イイヅナマチ,4/6,C1
飯能市,1353,1353,999,名詞,固有名詞,地域,一般,*,*,飯能市,ハンノウシ,ハンノーシ,4/5,C1
飯舘村,1353,1353,999,名詞,固有名詞,地域,一般,*,*,飯舘村,イイタテムラ,イイタテムラ,4/6,C1
飯豊町,1353,1353,999,名詞,固有名詞,地域,一般,*,*,飯豊町,イイデマチ,イイデマチ,3/5,C1
飽海郡,1353,1353,999,名詞,固有名詞,地域,一般,*,*,飽海郡,アクミグン,アクミグン,3/5,C1
養父市,1353,1353,999,名詞,固有名詞,地域,一般,*,*,養父市,ヤブシ,ヤブシ,2/3,C1
養老町,1353,1353,999,名詞,固有名詞,地域,一般,*,*,養老町,ヨウロウチョウ,ヨーローチョー,4/6,C1
養老郡,1353,1353,999,名詞,固有名詞,地域,一般,*,*,養老郡,ヨウロウグン,ヨーローグン,4/6,C1
館山市,1353,1353,999,名詞,固有名詞,地域,一般,*,*,館山市,タテヤマシ,タテヤマシ,4/5,C1
館林市,1353,1353,999,名詞,固有名詞,地域,一般,*,*,館林市,タテバヤシシ,タテバヤシシ,5/6,C1
香南市,1353,1353,999,名詞,固有名詞,地域,一般,*,*,香南市,コウナンシ,コーナンシ,4/5,C1
香取市,1353,1353,999,名詞,固有名詞,地域,一般,*,*,香取市,カトリシ,カトリシ,3/4,C1
香取郡,1353,1353,999,名詞,固有名詞,地域,一般,*,*,香取郡,カトリグン,カトリグン,3/5,C1
香川郡,1353,1353,999,名詞,固有名詞,地域,一般,*,*,香川郡,カガワグン,カガワグン,3/5,C1
香春町,1353,1353,999,名詞,固有名詞,地域,一般,*,*,香春町,カワラマチ,カワラマチ,3/5,C1
香美市,1353,1353,999,名詞,固有名詞,地域,一般,*,*,香美市,カミシ,カミシ,2/3,C1
香美町,1353,1353,999,名詞,固有名詞,地域,一般,*,*,香美町,カミチョウ,カミチョー,2/4,C1
香芝市,1353,1353,999,名詞,固有名詞,地域,一般,*,*,香芝市,カシバシ,カシバシ,3/4,C1
馬路村,1353,1353,999,名詞,固有名詞,地域,一般,*,*,馬路村,ウマジムラ,ウマジムラ,3/5,C1
駒ヶ根市,1353,1353,999,名詞,固有名詞,地域,一般,*,*,駒ヶ根市,コマガネシ,コマガネシ,4/5,C1
駿東郡,1353,1353,999,名詞,固有名詞,地域,一般,*,*,駿東郡,スントウグン,スントーグン,4/6,C1
高千穂町,1353,1353,999,名詞,固有名詞,地域,一般,*,*,高千穂町,タカチホチョウ,タカチホチョー,4/6,C1
高原町,1353,1353,999,名詞,固有名詞,地域,一般,*,*,高原町,タカハルチョウ,タカハルチョー,4/6,C1
高取町,1353,1353,999,名詞,固有名詞,地域,一般,*,*,高取町,タカトリチョウ,タカトリチョー,4/6,C1
高山市,1353,1353,999,名詞,固有名詞,地域,一般,*,*,高山市,タカヤマシ,タカヤマシ,4/5,C1
高山村,1353,1353,999,名詞,固有名詞,地域,一般,*,*,高山村,タカヤマムラ,タカヤマムラ,4/6,C1
高岡市,1353,1353,999,名詞,固有名詞,地域,一般,*,*,高岡市,タカオカシ,タカオカシ,4/5,C1
高岡郡,1353,1353,999,名詞,固有名詞,地域,一般,*,*,高岡郡,タカオカグン,タカオカグン,4/6,C1
高島市,1353,1353,999,名詞,固有名詞,地域,一般,*,*,高島市,タカシマシ,タカシマシ,4/5,C1
高崎市,1353,1353,999,名詞,固有名詞,地域,一般,*,*,高崎市,タカサキシ,タカサキシ,4/5,C1
高市郡,1353,1353,999,名詞,固有名詞,地域,一般,*,*,高市郡,タカイチグン,タカイチグン,4/6,C1
高座郡,1353,1353,999,名詞,固有名詞,地域,一般,*,*,高座郡,コウザグン,コーザグン,3/5,C1
高松市,1353,1353,999,名詞,固有名詞,地域,一般,*,*,高松市,タカマツシ,タカマツシ,4/5,C1
高根沢町,1353,1353,999,名詞,固有名詞,地域,一般,*,*,高根沢町,タカネザワマチ,タカネザワマチ,5/7,C1
高梁市,1353,1353,999,名詞,固有名詞,地域,一般,*,*,高梁市,タカハシシ,タカハシシ,4/5,C1
高森町,1353,1353,999,名詞,固有名詞,地域,一般,*,*,高森町,タカモリマチ,タカモリマチ,4/6,C1
高槻市,1353,1353,999,名詞,固有名詞,地域,一般,*,*,高槻市,タカツキシ,タカツキシ,4/5,C1
高浜市,1353,1353,999,名詞,固有名詞,地域,一般,*,*,高浜市,タカハマシ,タカハマシ,4/5,C1
高浜町,1353,1353,999,名詞,固有名詞,地域,一般,*,*,高浜町,タカハマチョウ,タカハマチョー,4/6,C1
高畠町,1353,1353,999,名詞,固有名詞,地域,一般,*,*,高畠町,タカハタマチ,タカハタマチ,4/6,C1
高知市,1353,1353,999,名詞,固有名詞,地域,一般,*,*,高知市,コウチシ,コーチシ,3/4,C1
高石市,1353,1353,999,名詞,固有名詞,地域,一般,*,*,高石市,タカイシシ,タカイシシ,4/5,C1
高砂市,1353,1353,999,名詞,固有名詞,地域,一般,*,*,高砂市,タカサゴシ,タカサゴシ,4/5,C1
高萩市,1353,1353,999,名詞,固有名詞,地域,一般,*,*,高萩市,タカハギシ,タカハギシ,4/5,C1
高野町,1353,1353,999,名詞,固有名詞,地域,一般,*,*,高野町,コウヤチョウ,コーヤチョー,3/5,C1
高鍋町,1353,1353,999,名詞,固有名詞,地域,一般,*,*,高鍋町,タカナベチョウ,タカナベチョー,4/6,C1
鬼北町,1353,1353,999,名詞,固有名詞,地域,一般,*,*,鬼北町,キホクチョウ,キホクチョー,3/5,C1
魚沼市,1353,1353,999,名詞,固有名詞,地域,一般,*,*,魚沼市,ウオヌマシ,ウオヌマシ,4/5,C1
魚津市,1353,1353,999,名詞,固有名詞,地域,一般,*,*,魚津市,ウオヅシ,ウオヅシ,3/4,C1
鮫川村,1353,1353,999,名詞,固有名詞,地域,一般,*,*,鮫川村,サメガワムラ,サメガワムラ,4/6,C1
鮭川村,1353,1353,999,名詞,固有名詞,地域,一般,*,*,鮭川村,サケガワムラ,サケガワムラ,4/6,C1
鯖江市,1353,1353,999,名詞,固有名詞,地域,一般,*,*,鯖江市,サバエシ,サバエシ,3/4,C1
鰺ヶ沢町,1353,1353,999,名詞,固有名詞,地域,一般,*,*,鰺ヶ沢町,アジガサワマチ,アジガサワマチ,5/7,C1
鳥取市,1353,1353,999,名詞,固有名詞,地域,一般,*,*,鳥取市,トットリシ,トットリシ,4/5,C1
鳥栖市,1353,1353,999,名詞,固有名詞,地域,一般,*,*,鳥栖市,トスシ,トスシ,2/3,C1
鳥羽市,1353,1353,999,名詞,固有名詞,地域,一般,*,*,鳥羽市,トバシ,トバシ,2/3,C1
鳩山町,1353,1353,999,名詞,固有名詞,地域,一般,*,*,鳩山町,ハトヤママチ,ハトヤママチ,4/6,C1
鳳珠郡,1353,1353,999,名詞,固有名詞,地域,一般,*,*,鳳珠郡,ホウスグン,ホースグン,3/5,C1
鳴沢村,1353,1353,999,名詞,固有名詞,地域,一般,*,*,鳴沢村,ナルサワムラ,ナルサワムラ,4/6,C1
鳴門市,1353,1353,999,名詞,固有名詞,地域,一般,*,*,鳴門市,ナルトシ,ナルトシ,3/4,C1
鴨川市,1353,1353,999,名詞,固有名詞,地域,一般,*,*,鴨川市,カモガワシ,カモガワシ,4/5,C1
鴻巣市,1353,1353,999,名詞,固有名詞,地域,一般,*,*,鴻巣市,コウノスシ,コーノスシ,4/5,C1
鶴ヶ島市,1353,1353,999,名詞,固有名詞,地域,一般,*,*,鶴ヶ島市,ツルガシマシ,ツルガシマシ,5/6,C1
鶴居村,1353,1353,999,名詞,固有名詞,地域,一般,*,*,鶴居村,ツルイムラ,ツルイムラ,3/5,C1
鶴岡市,1353,1353,999,名詞,固有名詞,地域,一般,*,*,鶴岡市,ツルオカシ,ツルオカシ,4/5,C1
鶴田町,1353,1353,999,名詞,固有名詞,地域,一般,*,*,鶴田町,ツルタマチ,ツルタマチ,3/5,C1
鷹栖町,1353,1353,999,名詞,固有名詞,地域,一般,*,*,鷹栖町,タカスチョウ,タカスチョー,3/5,C1
鹿児島市,1353,1353,999,名詞,固有名詞,地域,一般,*,*,鹿児島市,カゴシマシ,カゴシマシ,4/5,C1
鹿児島郡,1353,1353,999,名詞,固有名詞,地域,一般,*,*,鹿児島郡,カゴシマグン,カゴシマグン,4/6,C1
鹿屋市,1353,1353,999,名詞,固有名詞,地域,一般,*,*,鹿屋市,カノヤシ,カノヤシ,3/4,C1
鹿島市,1353,1353,999,名詞,固有名詞,地域,一般,*,*,鹿島市,カシマシ,カシマシ,3/4,C1
鹿島郡,1353,1353,999,名詞,固有名詞,地域,一般,*,*,鹿島郡,カシマグン,カシマグン,3/5,C1
鹿嶋市,1353,1353,999,名詞,固有名詞,地域,一般,*,*,鹿嶋市,カシマシ,カシマシ,3/4,C1
鹿沼市,1353,1353,999,名詞,固有名詞,地域,一般,*,*,鹿沼市,カヌマシ,カヌマシ,3/4,C1
鹿角市,1353,1353,999,名詞,固有名詞,地域,一般,*,*,鹿角市,カヅノシ,カヅノシ,3/4,C1
鹿角郡,1353,1353,999,名詞,固有名詞,地域,一般,*,*,鹿角郡,カヅノグン,カヅノグン,3/5,C1
鹿足郡,1353,1353,999,名詞,固有名詞,地域,一般,*,*,鹿足郡,カノアシグン,カノアシグン,4/6,C1
鹿追町,1353,1353,999,名詞,固有名詞,地域,一般,*,*,鹿追町,シカオイチョウ,シカオイチョー,4/6,C1
鹿部町,1353,1353,999,名詞,固有名詞,地域,一般,*,*,鹿部町,シカベチョウ,シカベチョー,3/5,C1
麻績村,1353,1353,999,名詞,固有名詞,地域,一般,*,*,麻績村,オミムラ,オミムラ,2/4,C1
黒川郡,1353,1353,999,名詞,固有名詞,地域,一般,*,*,黒川郡,クロカワグン,クロカワグン,4/6,C1
黒松内町,1353,1353,999,名詞,固有名詞,地域,一般,*,*,黒松内町,クロマツナイチョウ,クロマツナイチョー,6/8,C1
黒滝村,1353,1353,999,名詞,固有名詞,地域,一般,*,*,黒滝村,クロタキムラ,クロタキムラ,4/6,C1
黒潮町,1353,1353,999,名詞,固有名詞,地域,一般,*,*,黒潮町,クロシオチョウ,クロシオチョー,4/6,C1
黒石市,1353,1353,999,名詞,固有名詞,地域,一般,*,*,黒石市,クロイシシ,クロイシシ,4/5,C1
黒部市,1353,1353,999,名詞,固有名詞,地域,一般,*,*,黒部市,クロベシ,クロベシ,3/4,C1
龍ケ崎市,1353,1353,999,名詞,固有名詞,地域,一般,*,*,龍ケ崎市,リュウガサキシ,リューガサキシ,5/6,C1
龍郷町,1353,1353,999,名詞,固有名詞,地域,一般,*,*,龍郷町,タツゴウチョウ,タツゴーチョー,4/6,C1
